"TID","CommonName","Subspecies","Longitude","Latitude","taxa","Year","Count","cv","Units","Region"
"MUSP1","Achiropsetta tricholepis",NA,NA,NA,"Unexploited small pelagics",1998,4.96e-06,NA,"Counts per m3","Antartica continental shelf"
"MUSP1","Achiropsetta tricholepis",NA,NA,NA,"Unexploited small pelagics",1999,4.81e-06,NA,"Counts per m3","Antartica continental shelf"
"MUSP10","Bathylagus gracilis",NA,NA,NA,"Unexploited small pelagics",2004,2.822e-05,NA,"Counts per m3","Antartica continental shelf"
"MUSP10","Bathylagus gracilis",NA,NA,NA,"Unexploited small pelagics",2006,1.775e-05,NA,"Counts per m3","Antartica continental shelf"
"MUSP100","Paraliparis thalassobathyalis",NA,NA,NA,"Unexploited small pelagics",1999,1.307e-05,NA,"Counts per m3","Antartica continental shelf"
"MUSP100","Paraliparis thalassobathyalis",NA,NA,NA,"Unexploited small pelagics",2000,4.91e-06,NA,"Counts per m3","Antartica continental shelf"
"MUSP101","Paranotothenia magellanica",NA,NA,NA,"Unexploited small pelagics",1998,9.6925e-06,NA,"Counts per m3","Antartica continental shelf"
"MUSP101","Paranotothenia magellanica",NA,NA,NA,"Unexploited small pelagics",1999,5.97666666666667e-06,NA,"Counts per m3","Antartica continental shelf"
"MUSP102","Patagonotothen guntheri",NA,NA,NA,"Unexploited small pelagics",2004,0.001825856,NA,"Counts per m3","Antartica continental shelf"
"MUSP103","Persparsia kopua",NA,NA,NA,"Unexploited small pelagics",1999,6.38e-06,NA,"Counts per m3","Antartica continental shelf"
"MUSP104","Phosichthys argenteus",NA,NA,NA,"Unexploited small pelagics",1999,2.3102e-05,NA,"Counts per m3","Antartica continental shelf"
"MUSP105","Pleuragramma antarctica",NA,NA,NA,"Unexploited small pelagics",1993,0.0003087735,NA,"Counts per m3","Antartica continental shelf"
"MUSP105","Pleuragramma antarctica",NA,NA,NA,"Unexploited small pelagics",1995,0.00104360025,NA,"Counts per m3","Antartica continental shelf"
"MUSP105","Pleuragramma antarctica",NA,NA,NA,"Unexploited small pelagics",1996,0.00535081593939394,NA,"Counts per m3","Antartica continental shelf"
"MUSP105","Pleuragramma antarctica",NA,NA,NA,"Unexploited small pelagics",1997,0.0005078095,NA,"Counts per m3","Antartica continental shelf"
"MUSP105","Pleuragramma antarctica",NA,NA,NA,"Unexploited small pelagics",1998,0.00060891975,NA,"Counts per m3","Antartica continental shelf"
"MUSP105","Pleuragramma antarctica",NA,NA,NA,"Unexploited small pelagics",1999,0.005638788,NA,"Counts per m3","Antartica continental shelf"
"MUSP105","Pleuragramma antarctica",NA,NA,NA,"Unexploited small pelagics",2001,0.00158446311111111,NA,"Counts per m3","Antartica continental shelf"
"MUSP105","Pleuragramma antarctica",NA,NA,NA,"Unexploited small pelagics",2002,0.00190569066666667,NA,"Counts per m3","Antartica continental shelf"
"MUSP105","Pleuragramma antarctica",NA,NA,NA,"Unexploited small pelagics",2003,0.00129634355172414,NA,"Counts per m3","Antartica continental shelf"
"MUSP105","Pleuragramma antarctica",NA,NA,NA,"Unexploited small pelagics",2004,0.00144045225,NA,"Counts per m3","Antartica continental shelf"
"MUSP105","Pleuragramma antarctica",NA,NA,NA,"Unexploited small pelagics",2005,0.000848115923076923,NA,"Counts per m3","Antartica continental shelf"
"MUSP105","Pleuragramma antarctica",NA,NA,NA,"Unexploited small pelagics",2006,0.00260298694871795,NA,"Counts per m3","Antartica continental shelf"
"MUSP105","Pleuragramma antarctica",NA,NA,NA,"Unexploited small pelagics",2007,0.00056924,NA,"Counts per m3","Antartica continental shelf"
"MUSP105","Pleuragramma antarctica",NA,NA,NA,"Unexploited small pelagics",2008,0.000964290928571429,NA,"Counts per m3","Antartica continental shelf"
"MUSP105","Pleuragramma antarctica",NA,NA,NA,"Unexploited small pelagics",2009,0.0003025672,NA,"Counts per m3","Antartica continental shelf"
"MUSP105","Pleuragramma antarctica",NA,NA,NA,"Unexploited small pelagics",2010,0.00113686,NA,"Counts per m3","Antartica continental shelf"
"MUSP105","Pleuragramma antarctica",NA,NA,NA,"Unexploited small pelagics",2011,0.0100545037692308,NA,"Counts per m3","Antartica continental shelf"
"MUSP105","Pleuragramma antarctica",NA,NA,NA,"Unexploited small pelagics",2014,0.0002863722,NA,"Counts per m3","Antartica continental shelf"
"MUSP105","Pleuragramma antarctica",NA,NA,NA,"Unexploited small pelagics",2015,0.000384657,NA,"Counts per m3","Antartica continental shelf"
"MUSP105","Pleuragramma antarctica",NA,NA,NA,"Unexploited small pelagics",2019,0.00103660775,NA,"Counts per m3","Antartica continental shelf"
"MUSP106","Pogonophryne marmorata",NA,NA,NA,"Unexploited small pelagics",2006,3.96666666666667e-05,NA,"Counts per m3","Antartica continental shelf"
"MUSP106","Pogonophryne marmorata",NA,NA,NA,"Unexploited small pelagics",2011,0.000911316,NA,"Counts per m3","Antartica continental shelf"
"MUSP107","Poromitra crassiceps",NA,NA,NA,"Unexploited small pelagics",1991,1.15533333333333e-05,NA,"Counts per m3","Antartica continental shelf"
"MUSP107","Poromitra crassiceps",NA,NA,NA,"Unexploited small pelagics",1999,9.6025e-06,NA,"Counts per m3","Antartica continental shelf"
"MUSP107","Poromitra crassiceps",NA,NA,NA,"Unexploited small pelagics",2004,1.685e-05,NA,"Counts per m3","Antartica continental shelf"
"MUSP107","Poromitra crassiceps",NA,NA,NA,"Unexploited small pelagics",2006,1.704e-05,NA,"Counts per m3","Antartica continental shelf"
"MUSP107","Poromitra crassiceps",NA,NA,NA,"Unexploited small pelagics",2008,1.696e-05,NA,"Counts per m3","Antartica continental shelf"
"MUSP107","Poromitra crassiceps",NA,NA,NA,"Unexploited small pelagics",2009,2.36033333333333e-05,NA,"Counts per m3","Antartica continental shelf"
"MUSP108","Prionodraco evansii",NA,NA,NA,"Unexploited small pelagics",2002,0.0005844175,NA,"Counts per m3","Antartica continental shelf"
"MUSP108","Prionodraco evansii",NA,NA,NA,"Unexploited small pelagics",2006,NA,NA,"Counts per m3","Antartica continental shelf"
"MUSP108","Prionodraco evansii",NA,NA,NA,"Unexploited small pelagics",2008,0.006104081,NA,"Counts per m3","Antartica continental shelf"
"MUSP109","Protomyctophum andriashevi",NA,NA,NA,"Unexploited small pelagics",1991,3.1e-06,NA,"Counts per m3","Antartica continental shelf"
"MUSP109","Protomyctophum andriashevi",NA,NA,NA,"Unexploited small pelagics",1998,5.97053402061856e-05,NA,"Counts per m3","Antartica continental shelf"
"MUSP109","Protomyctophum andriashevi",NA,NA,NA,"Unexploited small pelagics",1999,3.84574120879121e-05,NA,"Counts per m3","Antartica continental shelf"
"MUSP109","Protomyctophum andriashevi",NA,NA,NA,"Unexploited small pelagics",2000,4.61913698630137e-05,NA,"Counts per m3","Antartica continental shelf"
"MUSP109","Protomyctophum andriashevi",NA,NA,NA,"Unexploited small pelagics",2004,1.01133333333333e-05,NA,"Counts per m3","Antartica continental shelf"
"MUSP109","Protomyctophum andriashevi",NA,NA,NA,"Unexploited small pelagics",2006,3.17733333333333e-05,NA,"Counts per m3","Antartica continental shelf"
"MUSP109","Protomyctophum andriashevi",NA,NA,NA,"Unexploited small pelagics",2008,4.64e-06,NA,"Counts per m3","Antartica continental shelf"
"MUSP109","Protomyctophum andriashevi",NA,NA,NA,"Unexploited small pelagics",2009,1.5815e-05,NA,"Counts per m3","Antartica continental shelf"
"MUSP11","Bathylagus tenuis",NA,NA,NA,"Unexploited small pelagics",1998,1.899e-05,NA,"Counts per m3","Antartica continental shelf"
"MUSP11","Bathylagus tenuis",NA,NA,NA,"Unexploited small pelagics",1999,4.10775606060606e-05,NA,"Counts per m3","Antartica continental shelf"
"MUSP11","Bathylagus tenuis",NA,NA,NA,"Unexploited small pelagics",2000,2.99591707317073e-05,NA,"Counts per m3","Antartica continental shelf"
"MUSP11","Bathylagus tenuis",NA,NA,NA,"Unexploited small pelagics",2004,5.96933636363636e-05,NA,"Counts per m3","Antartica continental shelf"
"MUSP11","Bathylagus tenuis",NA,NA,NA,"Unexploited small pelagics",2006,1.257e-05,NA,"Counts per m3","Antartica continental shelf"
"MUSP110","Protomyctophum bolini",NA,NA,NA,"Unexploited small pelagics",1991,0.000109814461538462,NA,"Counts per m3","Antartica continental shelf"
"MUSP110","Protomyctophum bolini",NA,NA,NA,"Unexploited small pelagics",1996,0.000118805,NA,"Counts per m3","Antartica continental shelf"
"MUSP110","Protomyctophum bolini",NA,NA,NA,"Unexploited small pelagics",1998,0.000161000606896552,NA,"Counts per m3","Antartica continental shelf"
"MUSP110","Protomyctophum bolini",NA,NA,NA,"Unexploited small pelagics",1999,0.000160909457236842,NA,"Counts per m3","Antartica continental shelf"
"MUSP110","Protomyctophum bolini",NA,NA,NA,"Unexploited small pelagics",2000,0.00017664712244898,NA,"Counts per m3","Antartica continental shelf"
"MUSP110","Protomyctophum bolini",NA,NA,NA,"Unexploited small pelagics",2003,0.000708694,NA,"Counts per m3","Antartica continental shelf"
"MUSP110","Protomyctophum bolini",NA,NA,NA,"Unexploited small pelagics",2004,0.000127709484375,NA,"Counts per m3","Antartica continental shelf"
"MUSP110","Protomyctophum bolini",NA,NA,NA,"Unexploited small pelagics",2005,0.000459453777777778,NA,"Counts per m3","Antartica continental shelf"
"MUSP110","Protomyctophum bolini",NA,NA,NA,"Unexploited small pelagics",2006,0.000395356466666667,NA,"Counts per m3","Antartica continental shelf"
"MUSP110","Protomyctophum bolini",NA,NA,NA,"Unexploited small pelagics",2008,0.00263055794871795,NA,"Counts per m3","Antartica continental shelf"
"MUSP110","Protomyctophum bolini",NA,NA,NA,"Unexploited small pelagics",2009,0.0002161905,NA,"Counts per m3","Antartica continental shelf"
"MUSP110","Protomyctophum bolini",NA,NA,NA,"Unexploited small pelagics",2011,0.029185908,NA,"Counts per m3","Antartica continental shelf"
"MUSP110","Protomyctophum bolini",NA,NA,NA,"Unexploited small pelagics",2013,0.0002672396,NA,"Counts per m3","Antartica continental shelf"
"MUSP110","Protomyctophum bolini",NA,NA,NA,"Unexploited small pelagics",2014,0.001109583,NA,"Counts per m3","Antartica continental shelf"
"MUSP110","Protomyctophum bolini",NA,NA,NA,"Unexploited small pelagics",2016,7.44083333333333e-06,NA,"Counts per m3","Antartica continental shelf"
"MUSP110","Protomyctophum bolini",NA,NA,NA,"Unexploited small pelagics",2019,0.000179369,NA,"Counts per m3","Antartica continental shelf"
"MUSP111","Protomyctophum choriodon",NA,NA,NA,"Unexploited small pelagics",1991,5.8989e-05,NA,"Counts per m3","Antartica continental shelf"
"MUSP111","Protomyctophum choriodon",NA,NA,NA,"Unexploited small pelagics",1998,2.53880612244898e-05,NA,"Counts per m3","Antartica continental shelf"
"MUSP111","Protomyctophum choriodon",NA,NA,NA,"Unexploited small pelagics",1999,1.53904761904762e-05,NA,"Counts per m3","Antartica continental shelf"
"MUSP111","Protomyctophum choriodon",NA,NA,NA,"Unexploited small pelagics",2000,1.04977777777778e-05,NA,"Counts per m3","Antartica continental shelf"
"MUSP111","Protomyctophum choriodon",NA,NA,NA,"Unexploited small pelagics",2004,6.67688965517241e-05,NA,"Counts per m3","Antartica continental shelf"
"MUSP111","Protomyctophum choriodon",NA,NA,NA,"Unexploited small pelagics",2008,6.97398333333333e-05,NA,"Counts per m3","Antartica continental shelf"
"MUSP111","Protomyctophum choriodon",NA,NA,NA,"Unexploited small pelagics",2009,2.1466e-05,NA,"Counts per m3","Antartica continental shelf"
"MUSP111","Protomyctophum choriodon",NA,NA,NA,"Unexploited small pelagics",NA,NA,NA,"Counts per m3","Antartica continental shelf"
"MUSP112","Protomyctophum gemmatum",NA,NA,NA,"Unexploited small pelagics",1991,1.2e-05,NA,"Counts per m3","Antartica continental shelf"
"MUSP112","Protomyctophum gemmatum",NA,NA,NA,"Unexploited small pelagics",1998,7.76333333333333e-06,NA,"Counts per m3","Antartica continental shelf"
"MUSP112","Protomyctophum gemmatum",NA,NA,NA,"Unexploited small pelagics",1999,5.40416666666667e-06,NA,"Counts per m3","Antartica continental shelf"
"MUSP112","Protomyctophum gemmatum",NA,NA,NA,"Unexploited small pelagics",2000,4.49e-06,NA,"Counts per m3","Antartica continental shelf"
"MUSP112","Protomyctophum gemmatum",NA,NA,NA,"Unexploited small pelagics",2006,2.7e-05,NA,"Counts per m3","Antartica continental shelf"
"MUSP112","Protomyctophum gemmatum",NA,NA,NA,"Unexploited small pelagics",2008,1.04e-05,NA,"Counts per m3","Antartica continental shelf"
"MUSP113","Protomyctophum luciferum",NA,NA,NA,"Unexploited small pelagics",1998,4.15692857142857e-05,NA,"Counts per m3","Antartica continental shelf"
"MUSP113","Protomyctophum luciferum",NA,NA,NA,"Unexploited small pelagics",1999,1.04313636363636e-05,NA,"Counts per m3","Antartica continental shelf"
"MUSP113","Protomyctophum luciferum",NA,NA,NA,"Unexploited small pelagics",2000,5.95e-06,NA,"Counts per m3","Antartica continental shelf"
"MUSP113","Protomyctophum luciferum",NA,NA,NA,"Unexploited small pelagics",2006,1.52e-05,NA,"Counts per m3","Antartica continental shelf"
"MUSP114","Protomyctophum normani",NA,NA,NA,"Unexploited small pelagics",1999,1.21147058823529e-05,NA,"Counts per m3","Antartica continental shelf"
"MUSP114","Protomyctophum normani",NA,NA,NA,"Unexploited small pelagics",2000,8.79909090909091e-06,NA,"Counts per m3","Antartica continental shelf"
"MUSP115","Protomyctophum parallelum",NA,NA,NA,"Unexploited small pelagics",1999,3.26454545454545e-05,NA,"Counts per m3","Antartica continental shelf"
"MUSP115","Protomyctophum parallelum",NA,NA,NA,"Unexploited small pelagics",2004,8.11557142857143e-05,NA,"Counts per m3","Antartica continental shelf"
"MUSP115","Protomyctophum parallelum",NA,NA,NA,"Unexploited small pelagics",2006,6.4491e-05,NA,"Counts per m3","Antartica continental shelf"
"MUSP115","Protomyctophum parallelum",NA,NA,NA,"Unexploited small pelagics",2009,6.38e-06,NA,"Counts per m3","Antartica continental shelf"
"MUSP116","Protomyctophum tenisoni",NA,NA,NA,"Unexploited small pelagics",1998,0.000248573117318436,NA,"Counts per m3","Antartica continental shelf"
"MUSP116","Protomyctophum tenisoni",NA,NA,NA,"Unexploited small pelagics",1999,0.00031390140338983,NA,"Counts per m3","Antartica continental shelf"
"MUSP116","Protomyctophum tenisoni",NA,NA,NA,"Unexploited small pelagics",2000,0.000191118548387097,NA,"Counts per m3","Antartica continental shelf"
"MUSP116","Protomyctophum tenisoni",NA,NA,NA,"Unexploited small pelagics",2004,3.36733333333333e-05,NA,"Counts per m3","Antartica continental shelf"
"MUSP116","Protomyctophum tenisoni",NA,NA,NA,"Unexploited small pelagics",2006,7.50123333333333e-05,NA,"Counts per m3","Antartica continental shelf"
"MUSP116","Protomyctophum tenisoni",NA,NA,NA,"Unexploited small pelagics",2008,0.00045945,NA,"Counts per m3","Antartica continental shelf"
"MUSP116","Protomyctophum tenisoni",NA,NA,NA,"Unexploited small pelagics",2009,0.0002528465,NA,"Counts per m3","Antartica continental shelf"
"MUSP117","Pseudochaenichthys georgianus",NA,NA,NA,"Unexploited small pelagics",2003,0.000263225,NA,"Counts per m3","Antartica continental shelf"
"MUSP117","Pseudochaenichthys georgianus",NA,NA,NA,"Unexploited small pelagics",2004,1.95e-06,NA,"Counts per m3","Antartica continental shelf"
"MUSP117","Pseudochaenichthys georgianus",NA,NA,NA,"Unexploited small pelagics",2008,0.0002500125,NA,"Counts per m3","Antartica continental shelf"
"MUSP118","Pseudoscopelus scriptus",NA,NA,NA,"Unexploited small pelagics",1999,8.38923076923077e-06,NA,"Counts per m3","Antartica continental shelf"
"MUSP118","Pseudoscopelus scriptus",NA,NA,NA,"Unexploited small pelagics",2000,8.08666666666667e-06,NA,"Counts per m3","Antartica continental shelf"
"MUSP119","Psychroteuthis glacialis",NA,NA,NA,"Unexploited small pelagics",2006,1.55e-05,NA,"Counts per m3","Antartica continental shelf"
"MUSP12","Bathyteuthis abyssicola",NA,NA,NA,"Unexploited small pelagics",2006,1.81e-05,NA,"Counts per m3","Antartica continental shelf"
"MUSP12","Bathyteuthis abyssicola",NA,NA,NA,"Unexploited small pelagics",2008,1.415e-05,NA,"Counts per m3","Antartica continental shelf"
"MUSP120","Racovitzia glacialis",NA,NA,NA,"Unexploited small pelagics",1996,0.000163774,NA,"Counts per m3","Antartica continental shelf"
"MUSP120","Racovitzia glacialis",NA,NA,NA,"Unexploited small pelagics",2005,0.000296094,NA,"Counts per m3","Antartica continental shelf"
"MUSP120","Racovitzia glacialis",NA,NA,NA,"Unexploited small pelagics",2008,0.000213957,NA,"Counts per m3","Antartica continental shelf"
"MUSP120","Racovitzia glacialis",NA,NA,NA,"Unexploited small pelagics",2009,0.000201737,NA,"Counts per m3","Antartica continental shelf"
"MUSP120","Racovitzia glacialis",NA,NA,NA,"Unexploited small pelagics",2010,0.000267902,NA,"Counts per m3","Antartica continental shelf"
"MUSP120","Racovitzia glacialis",NA,NA,NA,"Unexploited small pelagics",2011,0.000866184,NA,"Counts per m3","Antartica continental shelf"
"MUSP120","Racovitzia glacialis",NA,NA,NA,"Unexploited small pelagics",2013,0.00026055,NA,"Counts per m3","Antartica continental shelf"
"MUSP121","Rosenblattia robusta",NA,NA,NA,"Unexploited small pelagics",1999,9.705e-06,NA,"Counts per m3","Antartica continental shelf"
"MUSP122","Scopelosaurus hamiltoni",NA,NA,NA,"Unexploited small pelagics",1998,5.28e-06,NA,"Counts per m3","Antartica continental shelf"
"MUSP122","Scopelosaurus hamiltoni",NA,NA,NA,"Unexploited small pelagics",1999,5.448e-06,NA,"Counts per m3","Antartica continental shelf"
"MUSP123","Sio nordenskjoldii",NA,NA,NA,"Unexploited small pelagics",1991,3.15e-05,NA,"Counts per m3","Antartica continental shelf"
"MUSP123","Sio nordenskjoldii",NA,NA,NA,"Unexploited small pelagics",2006,9.99e-06,NA,"Counts per m3","Antartica continental shelf"
"MUSP124","Slosarczykovia circumantarctica",NA,NA,NA,"Unexploited small pelagics",2004,1.739e-05,NA,"Counts per m3","Antartica continental shelf"
"MUSP124","Slosarczykovia circumantarctica",NA,NA,NA,"Unexploited small pelagics",2006,1.39946153846154e-05,NA,"Counts per m3","Antartica continental shelf"
"MUSP124","Slosarczykovia circumantarctica",NA,NA,NA,"Unexploited small pelagics",2008,3.65439333333333e-05,NA,"Counts per m3","Antartica continental shelf"
"MUSP125","Stomias gracilis",NA,NA,NA,"Unexploited small pelagics",1999,1.70784375e-05,NA,"Counts per m3","Antartica continental shelf"
"MUSP125","Stomias gracilis",NA,NA,NA,"Unexploited small pelagics",2000,3.8859358974359e-05,NA,"Counts per m3","Antartica continental shelf"
"MUSP125","Stomias gracilis",NA,NA,NA,"Unexploited small pelagics",2004,2.67714285714286e-05,NA,"Counts per m3","Antartica continental shelf"
"MUSP125","Stomias gracilis",NA,NA,NA,"Unexploited small pelagics",2006,2.1635e-05,NA,"Counts per m3","Antartica continental shelf"
"MUSP125","Stomias gracilis",NA,NA,NA,"Unexploited small pelagics",2008,1.185e-05,NA,"Counts per m3","Antartica continental shelf"
"MUSP125","Stomias gracilis",NA,NA,NA,"Unexploited small pelagics",2009,7.07e-06,NA,"Counts per m3","Antartica continental shelf"
"MUSP126","Trematomus eulepidotus",NA,NA,NA,"Unexploited small pelagics",2008,0.000265194,NA,"Counts per m3","Antartica continental shelf"
"MUSP126","Trematomus eulepidotus",NA,NA,NA,"Unexploited small pelagics",2011,0.000246485,NA,"Counts per m3","Antartica continental shelf"
"MUSP127","Trematomus lepidorhinus",NA,NA,NA,"Unexploited small pelagics",2002,0.003313826,NA,"Counts per m3","Antartica continental shelf"
"MUSP127","Trematomus lepidorhinus",NA,NA,NA,"Unexploited small pelagics",2004,0.000489901,NA,"Counts per m3","Antartica continental shelf"
"MUSP127","Trematomus lepidorhinus",NA,NA,NA,"Unexploited small pelagics",2005,0.001266313,NA,"Counts per m3","Antartica continental shelf"
"MUSP127","Trematomus lepidorhinus",NA,NA,NA,"Unexploited small pelagics",2006,0.001103856,NA,"Counts per m3","Antartica continental shelf"
"MUSP127","Trematomus lepidorhinus",NA,NA,NA,"Unexploited small pelagics",2008,0.000206389,NA,"Counts per m3","Antartica continental shelf"
"MUSP128","Trematomus loennbergii",NA,NA,NA,"Unexploited small pelagics",1996,0.0001177926,NA,"Counts per m3","Antartica continental shelf"
"MUSP128","Trematomus loennbergii",NA,NA,NA,"Unexploited small pelagics",2014,0.000239881,NA,"Counts per m3","Antartica continental shelf"
"MUSP129","Trematomus newnesi",NA,NA,NA,"Unexploited small pelagics",2002,0.0008110348,NA,"Counts per m3","Antartica continental shelf"
"MUSP129","Trematomus newnesi",NA,NA,NA,"Unexploited small pelagics",2008,0.002308338,NA,"Counts per m3","Antartica continental shelf"
"MUSP129","Trematomus newnesi",NA,NA,NA,"Unexploited small pelagics",2011,0.00663639866666667,NA,"Counts per m3","Antartica continental shelf"
"MUSP129","Trematomus newnesi",NA,NA,NA,"Unexploited small pelagics",2014,0.0014237958,NA,"Counts per m3","Antartica continental shelf"
"MUSP13","Benthalbella elongata",NA,NA,NA,"Unexploited small pelagics",1991,8.96666666666667e-06,NA,"Counts per m3","Antartica continental shelf"
"MUSP13","Benthalbella elongata",NA,NA,NA,"Unexploited small pelagics",1998,4.884e-06,NA,"Counts per m3","Antartica continental shelf"
"MUSP13","Benthalbella elongata",NA,NA,NA,"Unexploited small pelagics",1999,9.79181818181818e-06,NA,"Counts per m3","Antartica continental shelf"
"MUSP13","Benthalbella elongata",NA,NA,NA,"Unexploited small pelagics",2000,7.045e-06,NA,"Counts per m3","Antartica continental shelf"
"MUSP13","Benthalbella elongata",NA,NA,NA,"Unexploited small pelagics",2004,1.511375e-05,NA,"Counts per m3","Antartica continental shelf"
"MUSP13","Benthalbella elongata",NA,NA,NA,"Unexploited small pelagics",2006,1.661e-05,NA,"Counts per m3","Antartica continental shelf"
"MUSP13","Benthalbella elongata",NA,NA,NA,"Unexploited small pelagics",2008,1.31133333333333e-05,NA,"Counts per m3","Antartica continental shelf"
"MUSP13","Benthalbella elongata",NA,NA,NA,"Unexploited small pelagics",2009,1.392e-05,NA,"Counts per m3","Antartica continental shelf"
"MUSP13","Benthalbella elongata",NA,NA,NA,"Unexploited small pelagics",2016,3.579375e-06,NA,"Counts per m3","Antartica continental shelf"
"MUSP130","Trematomus pennellii",NA,NA,NA,"Unexploited small pelagics",2002,0.000407698,NA,"Counts per m3","Antartica continental shelf"
"MUSP130","Trematomus pennellii",NA,NA,NA,"Unexploited small pelagics",2014,0.0009130645,NA,"Counts per m3","Antartica continental shelf"
"MUSP131","Trematomus scotti",NA,NA,NA,"Unexploited small pelagics",1996,0.000112972,NA,"Counts per m3","Antartica continental shelf"
"MUSP131","Trematomus scotti",NA,NA,NA,"Unexploited small pelagics",2002,0.000767698,NA,"Counts per m3","Antartica continental shelf"
"MUSP131","Trematomus scotti",NA,NA,NA,"Unexploited small pelagics",2004,0.000297998,NA,"Counts per m3","Antartica continental shelf"
"MUSP131","Trematomus scotti",NA,NA,NA,"Unexploited small pelagics",2005,0.000920413611111111,NA,"Counts per m3","Antartica continental shelf"
"MUSP131","Trematomus scotti",NA,NA,NA,"Unexploited small pelagics",2006,0.000253922,NA,"Counts per m3","Antartica continental shelf"
"MUSP131","Trematomus scotti",NA,NA,NA,"Unexploited small pelagics",2011,0.004317079375,NA,"Counts per m3","Antartica continental shelf"
"MUSP131","Trematomus scotti",NA,NA,NA,"Unexploited small pelagics",2015,0.000404966,NA,"Counts per m3","Antartica continental shelf"
"MUSP132","Trigonolampa miriceps",NA,NA,NA,"Unexploited small pelagics",1998,5.45e-06,NA,"Counts per m3","Antartica continental shelf"
"MUSP132","Trigonolampa miriceps",NA,NA,NA,"Unexploited small pelagics",1999,5.12e-06,NA,"Counts per m3","Antartica continental shelf"
"MUSP132","Trigonolampa miriceps",NA,NA,NA,"Unexploited small pelagics",2000,5.035e-06,NA,"Counts per m3","Antartica continental shelf"
"MUSP133","Woodsia meyerwaardeni",NA,NA,NA,"Unexploited small pelagics",1999,NA,NA,"Counts per m3","Antartica continental shelf"
"MUSP134","Zanclorhynchus spinifer",NA,NA,NA,"Unexploited small pelagics",1998,8.13e-06,NA,"Counts per m3","Antartica continental shelf"
"MUSP134","Zanclorhynchus spinifer",NA,NA,NA,"Unexploited small pelagics",1999,1.12133333333333e-05,NA,"Counts per m3","Antartica continental shelf"
"MUSP14","Benthalbella macropinna",NA,NA,NA,"Unexploited small pelagics",1999,1.24346153846154e-05,NA,"Counts per m3","Antartica continental shelf"
"MUSP14","Benthalbella macropinna",NA,NA,NA,"Unexploited small pelagics",2000,4.81e-06,NA,"Counts per m3","Antartica continental shelf"
"MUSP14","Benthalbella macropinna",NA,NA,NA,"Unexploited small pelagics",2004,1.0544e-05,NA,"Counts per m3","Antartica continental shelf"
"MUSP14","Benthalbella macropinna",NA,NA,NA,"Unexploited small pelagics",2006,9.16e-06,NA,"Counts per m3","Antartica continental shelf"
"MUSP14","Benthalbella macropinna",NA,NA,NA,"Unexploited small pelagics",2008,9.985e-06,NA,"Counts per m3","Antartica continental shelf"
"MUSP14","Benthalbella macropinna",NA,NA,NA,"Unexploited small pelagics",2009,1.615125e-05,NA,"Counts per m3","Antartica continental shelf"
"MUSP14","Benthalbella macropinna",NA,NA,NA,"Unexploited small pelagics",2016,2.734e-06,NA,"Counts per m3","Antartica continental shelf"
"MUSP14","Benthalbella macropinna",NA,NA,NA,"Unexploited small pelagics",2019,0.000145804,NA,"Counts per m3","Antartica continental shelf"
"MUSP15","Borostomias antarcticus",NA,NA,NA,"Unexploited small pelagics",1991,1.22177777777778e-05,NA,"Counts per m3","Antartica continental shelf"
"MUSP15","Borostomias antarcticus",NA,NA,NA,"Unexploited small pelagics",1998,4.93e-06,NA,"Counts per m3","Antartica continental shelf"
"MUSP15","Borostomias antarcticus",NA,NA,NA,"Unexploited small pelagics",1999,1.2644e-05,NA,"Counts per m3","Antartica continental shelf"
"MUSP15","Borostomias antarcticus",NA,NA,NA,"Unexploited small pelagics",2006,1.55781818181818e-05,NA,"Counts per m3","Antartica continental shelf"
"MUSP15","Borostomias antarcticus",NA,NA,NA,"Unexploited small pelagics",2008,2.217e-05,NA,"Counts per m3","Antartica continental shelf"
"MUSP15","Borostomias antarcticus",NA,NA,NA,"Unexploited small pelagics",2009,1.4144e-05,NA,"Counts per m3","Antartica continental shelf"
"MUSP15","Borostomias antarcticus",NA,NA,NA,"Unexploited small pelagics",2016,2.24666666666667e-06,NA,"Counts per m3","Antartica continental shelf"
"MUSP16","Chaenocephalus aceratus",NA,NA,NA,"Unexploited small pelagics",1998,0.00034720725,NA,"Counts per m3","Antartica continental shelf"
"MUSP16","Chaenocephalus aceratus",NA,NA,NA,"Unexploited small pelagics",2004,1.56e-05,NA,"Counts per m3","Antartica continental shelf"
"MUSP16","Chaenocephalus aceratus",NA,NA,NA,"Unexploited small pelagics",2013,0.000549796,NA,"Counts per m3","Antartica continental shelf"
"MUSP16","Chaenocephalus aceratus",NA,NA,NA,"Unexploited small pelagics",2014,0.000274551,NA,"Counts per m3","Antartica continental shelf"
"MUSP16","Chaenocephalus aceratus",NA,NA,NA,"Unexploited small pelagics",2015,0.000346958,NA,"Counts per m3","Antartica continental shelf"
"MUSP16","Chaenocephalus aceratus",NA,NA,NA,"Unexploited small pelagics",NA,NA,NA,"Counts per m3","Antartica continental shelf"
"MUSP17","Chaenodraco wilsoni",NA,NA,NA,"Unexploited small pelagics",1996,0.00019632625,NA,"Counts per m3","Antartica continental shelf"
"MUSP17","Chaenodraco wilsoni",NA,NA,NA,"Unexploited small pelagics",1998,0.000660339,NA,"Counts per m3","Antartica continental shelf"
"MUSP17","Chaenodraco wilsoni",NA,NA,NA,"Unexploited small pelagics",2011,0.003712631,NA,"Counts per m3","Antartica continental shelf"
"MUSP17","Chaenodraco wilsoni",NA,NA,NA,"Unexploited small pelagics",2013,0.000374309,NA,"Counts per m3","Antartica continental shelf"
"MUSP17","Chaenodraco wilsoni",NA,NA,NA,"Unexploited small pelagics",2014,0.000291702,NA,"Counts per m3","Antartica continental shelf"
"MUSP17","Chaenodraco wilsoni",NA,NA,NA,"Unexploited small pelagics",2015,0.00152492,NA,"Counts per m3","Antartica continental shelf"
"MUSP18","Champsocephalus gunnari",NA,NA,NA,"Unexploited small pelagics",1995,0.000231642,NA,"Counts per m3","Antartica continental shelf"
"MUSP18","Champsocephalus gunnari",NA,NA,NA,"Unexploited small pelagics",1998,6.69e-06,NA,"Counts per m3","Antartica continental shelf"
"MUSP18","Champsocephalus gunnari",NA,NA,NA,"Unexploited small pelagics",1999,5.33666666666667e-06,NA,"Counts per m3","Antartica continental shelf"
"MUSP18","Champsocephalus gunnari",NA,NA,NA,"Unexploited small pelagics",2000,0.000257746,NA,"Counts per m3","Antartica continental shelf"
"MUSP18","Champsocephalus gunnari",NA,NA,NA,"Unexploited small pelagics",2002,0.001256136,NA,"Counts per m3","Antartica continental shelf"
"MUSP18","Champsocephalus gunnari",NA,NA,NA,"Unexploited small pelagics",2003,0.0003173965,NA,"Counts per m3","Antartica continental shelf"
"MUSP18","Champsocephalus gunnari",NA,NA,NA,"Unexploited small pelagics",2004,0.000241277333333333,NA,"Counts per m3","Antartica continental shelf"
"MUSP18","Champsocephalus gunnari",NA,NA,NA,"Unexploited small pelagics",2005,0.00211095666666667,NA,"Counts per m3","Antartica continental shelf"
"MUSP18","Champsocephalus gunnari",NA,NA,NA,"Unexploited small pelagics",2008,2.35e-05,NA,"Counts per m3","Antartica continental shelf"
"MUSP18","Champsocephalus gunnari",NA,NA,NA,"Unexploited small pelagics",2011,0.016983472,NA,"Counts per m3","Antartica continental shelf"
"MUSP19","Channichthys rhinoceratus",NA,NA,NA,"Unexploited small pelagics",1998,4.45739090909091e-05,NA,"Counts per m3","Antartica continental shelf"
"MUSP19","Channichthys rhinoceratus",NA,NA,NA,"Unexploited small pelagics",1999,2.12292307692308e-05,NA,"Counts per m3","Antartica continental shelf"
"MUSP19","Channichthys rhinoceratus",NA,NA,NA,"Unexploited small pelagics",2000,4.81e-06,NA,"Counts per m3","Antartica continental shelf"
"MUSP19","Channichthys rhinoceratus",NA,NA,NA,"Unexploited small pelagics",2004,2.2e-06,NA,"Counts per m3","Antartica continental shelf"
"MUSP2","Alluroteuthis antarcticus",NA,NA,NA,"Unexploited small pelagics",2006,1.24166666666667e-05,NA,"Counts per m3","Antartica continental shelf"
"MUSP2","Alluroteuthis antarcticus",NA,NA,NA,"Unexploited small pelagics",2008,2.2655e-05,NA,"Counts per m3","Antartica continental shelf"
"MUSP20","Chauliodus sloani",NA,NA,NA,"Unexploited small pelagics",1999,9.19333333333333e-06,NA,"Counts per m3","Antartica continental shelf"
"MUSP21","Chionodraco hamatus",NA,NA,NA,"Unexploited small pelagics",1996,0.000829565,NA,"Counts per m3","Antartica continental shelf"
"MUSP22","Chionodraco rastrospinosus",NA,NA,NA,"Unexploited small pelagics",1993,0.000227466,NA,"Counts per m3","Antartica continental shelf"
"MUSP22","Chionodraco rastrospinosus",NA,NA,NA,"Unexploited small pelagics",1997,0.000194022,NA,"Counts per m3","Antartica continental shelf"
"MUSP22","Chionodraco rastrospinosus",NA,NA,NA,"Unexploited small pelagics",1998,0.00130056333333333,NA,"Counts per m3","Antartica continental shelf"
"MUSP22","Chionodraco rastrospinosus",NA,NA,NA,"Unexploited small pelagics",1999,0.000247822,NA,"Counts per m3","Antartica continental shelf"
"MUSP22","Chionodraco rastrospinosus",NA,NA,NA,"Unexploited small pelagics",2000,0.000257746,NA,"Counts per m3","Antartica continental shelf"
"MUSP22","Chionodraco rastrospinosus",NA,NA,NA,"Unexploited small pelagics",2001,0.00043288,NA,"Counts per m3","Antartica continental shelf"
"MUSP22","Chionodraco rastrospinosus",NA,NA,NA,"Unexploited small pelagics",2002,0.0014259115,NA,"Counts per m3","Antartica continental shelf"
"MUSP22","Chionodraco rastrospinosus",NA,NA,NA,"Unexploited small pelagics",2003,0.0003375836,NA,"Counts per m3","Antartica continental shelf"
"MUSP22","Chionodraco rastrospinosus",NA,NA,NA,"Unexploited small pelagics",2004,0.0002488682,NA,"Counts per m3","Antartica continental shelf"
"MUSP22","Chionodraco rastrospinosus",NA,NA,NA,"Unexploited small pelagics",2005,0.000305237,NA,"Counts per m3","Antartica continental shelf"
"MUSP22","Chionodraco rastrospinosus",NA,NA,NA,"Unexploited small pelagics",2006,0.0001639105,NA,"Counts per m3","Antartica continental shelf"
"MUSP22","Chionodraco rastrospinosus",NA,NA,NA,"Unexploited small pelagics",2007,0.0003087685,NA,"Counts per m3","Antartica continental shelf"
"MUSP22","Chionodraco rastrospinosus",NA,NA,NA,"Unexploited small pelagics",2008,0.000547912181818182,NA,"Counts per m3","Antartica continental shelf"
"MUSP22","Chionodraco rastrospinosus",NA,NA,NA,"Unexploited small pelagics",2009,0.000397224666666667,NA,"Counts per m3","Antartica continental shelf"
"MUSP22","Chionodraco rastrospinosus",NA,NA,NA,"Unexploited small pelagics",2011,0.00248980355555556,NA,"Counts per m3","Antartica continental shelf"
"MUSP22","Chionodraco rastrospinosus",NA,NA,NA,"Unexploited small pelagics",2012,0.0009049965,NA,"Counts per m3","Antartica continental shelf"
"MUSP22","Chionodraco rastrospinosus",NA,NA,NA,"Unexploited small pelagics",2014,0.0002514975,NA,"Counts per m3","Antartica continental shelf"
"MUSP22","Chionodraco rastrospinosus",NA,NA,NA,"Unexploited small pelagics",2015,0.000239891833333333,NA,"Counts per m3","Antartica continental shelf"
"MUSP23","Coryphaenoides subserrulatus",NA,NA,NA,"Unexploited small pelagics",1999,1.6185e-05,NA,"Counts per m3","Antartica continental shelf"
"MUSP24","Cryodraco antarcticus",NA,NA,NA,"Unexploited small pelagics",1996,0.000221882,NA,"Counts per m3","Antartica continental shelf"
"MUSP24","Cryodraco antarcticus",NA,NA,NA,"Unexploited small pelagics",2003,0.000302238,NA,"Counts per m3","Antartica continental shelf"
"MUSP24","Cryodraco antarcticus",NA,NA,NA,"Unexploited small pelagics",2004,0.00024495,NA,"Counts per m3","Antartica continental shelf"
"MUSP24","Cryodraco antarcticus",NA,NA,NA,"Unexploited small pelagics",2005,0.000277952,NA,"Counts per m3","Antartica continental shelf"
"MUSP24","Cryodraco antarcticus",NA,NA,NA,"Unexploited small pelagics",2006,4.67666666666667e-05,NA,"Counts per m3","Antartica continental shelf"
"MUSP24","Cryodraco antarcticus",NA,NA,NA,"Unexploited small pelagics",2007,0.000242875,NA,"Counts per m3","Antartica continental shelf"
"MUSP24","Cryodraco antarcticus",NA,NA,NA,"Unexploited small pelagics",2008,0.002134892,NA,"Counts per m3","Antartica continental shelf"
"MUSP24","Cryodraco antarcticus",NA,NA,NA,"Unexploited small pelagics",2011,0.000488904,NA,"Counts per m3","Antartica continental shelf"
"MUSP25","Cyclothone microdon",NA,NA,NA,"Unexploited small pelagics",1991,4.92633333333333e-05,NA,"Counts per m3","Antartica continental shelf"
"MUSP25","Cyclothone microdon",NA,NA,NA,"Unexploited small pelagics",2005,3.56e-05,NA,"Counts per m3","Antartica continental shelf"
"MUSP25","Cyclothone microdon",NA,NA,NA,"Unexploited small pelagics",2006,9.41813333333333e-05,NA,"Counts per m3","Antartica continental shelf"
"MUSP25","Cyclothone microdon",NA,NA,NA,"Unexploited small pelagics",NA,NA,NA,"Counts per m3","Antartica continental shelf"
"MUSP26","Cyclothone pallida",NA,NA,NA,"Unexploited small pelagics",1991,7.90335e-05,NA,"Counts per m3","Antartica continental shelf"
"MUSP27","Cygnodraco mawsoni",NA,NA,NA,"Unexploited small pelagics",1996,0.000150233,NA,"Counts per m3","Antartica continental shelf"
"MUSP27","Cygnodraco mawsoni",NA,NA,NA,"Unexploited small pelagics",2006,0.000102344,NA,"Counts per m3","Antartica continental shelf"
"MUSP28","Cynomacrurus piriei",NA,NA,NA,"Unexploited small pelagics",1991,1.00728571428571e-05,NA,"Counts per m3","Antartica continental shelf"
"MUSP28","Cynomacrurus piriei",NA,NA,NA,"Unexploited small pelagics",1999,1.5078e-05,NA,"Counts per m3","Antartica continental shelf"
"MUSP28","Cynomacrurus piriei",NA,NA,NA,"Unexploited small pelagics",2004,1.191e-05,NA,"Counts per m3","Antartica continental shelf"
"MUSP28","Cynomacrurus piriei",NA,NA,NA,"Unexploited small pelagics",2006,1.44242857142857e-05,NA,"Counts per m3","Antartica continental shelf"
"MUSP28","Cynomacrurus piriei",NA,NA,NA,"Unexploited small pelagics",2008,2.26333333333333e-05,NA,"Counts per m3","Antartica continental shelf"
"MUSP28","Cynomacrurus piriei",NA,NA,NA,"Unexploited small pelagics",2009,1.59333333333333e-05,NA,"Counts per m3","Antartica continental shelf"
"MUSP28","Cynomacrurus piriei",NA,NA,NA,"Unexploited small pelagics",2019,5.99e-05,NA,"Counts per m3","Antartica continental shelf"
"MUSP29","Dacodraco hunteri",NA,NA,NA,"Unexploited small pelagics",2014,0.000390712,NA,"Counts per m3","Antartica continental shelf"
"MUSP3","Argyropelecus hemigymnus",NA,NA,NA,"Unexploited small pelagics",1999,5.79e-06,NA,"Counts per m3","Antartica continental shelf"
"MUSP30","Diaphus hudsoni",NA,NA,NA,"Unexploited small pelagics",1999,9.125e-06,NA,"Counts per m3","Antartica continental shelf"
"MUSP31","Diastobranchus capensis",NA,NA,NA,"Unexploited small pelagics",1999,6.26e-06,NA,"Counts per m3","Antartica continental shelf"
"MUSP32","Diplophos rebainsi",NA,NA,NA,"Unexploited small pelagics",1998,5.205e-06,NA,"Counts per m3","Antartica continental shelf"
"MUSP32","Diplophos rebainsi",NA,NA,NA,"Unexploited small pelagics",1999,7.2425e-06,NA,"Counts per m3","Antartica continental shelf"
"MUSP32","Diplophos rebainsi",NA,NA,NA,"Unexploited small pelagics",2000,9.028e-06,NA,"Counts per m3","Antartica continental shelf"
"MUSP33","Dissostichus eleginoides",NA,NA,NA,"Unexploited small pelagics",1998,7.03333333333333e-06,NA,"Counts per m3","Antartica continental shelf"
"MUSP33","Dissostichus eleginoides",NA,NA,NA,"Unexploited small pelagics",1999,6.11666666666667e-06,NA,"Counts per m3","Antartica continental shelf"
"MUSP33","Dissostichus eleginoides",NA,NA,NA,"Unexploited small pelagics",2000,4.55e-06,NA,"Counts per m3","Antartica continental shelf"
"MUSP34","Echiodon cryomargarites",NA,NA,NA,"Unexploited small pelagics",1998,4.705e-06,NA,"Counts per m3","Antartica continental shelf"
"MUSP34","Echiodon cryomargarites",NA,NA,NA,"Unexploited small pelagics",1999,5.39333333333333e-06,NA,"Counts per m3","Antartica continental shelf"
"MUSP34","Echiodon cryomargarites",NA,NA,NA,"Unexploited small pelagics",2000,4.55e-06,NA,"Counts per m3","Antartica continental shelf"
"MUSP35","Electrona antarctica",NA,NA,NA,"Unexploited small pelagics",1991,0.000160685,NA,"Counts per m3","Antartica continental shelf"
"MUSP35","Electrona antarctica",NA,NA,NA,"Unexploited small pelagics",1992,0.000462421,NA,"Counts per m3","Antartica continental shelf"
"MUSP35","Electrona antarctica",NA,NA,NA,"Unexploited small pelagics",1993,0.000955700571428571,NA,"Counts per m3","Antartica continental shelf"
"MUSP35","Electrona antarctica",NA,NA,NA,"Unexploited small pelagics",1994,0.000984938739130435,NA,"Counts per m3","Antartica continental shelf"
"MUSP35","Electrona antarctica",NA,NA,NA,"Unexploited small pelagics",1995,0.00577112102678571,NA,"Counts per m3","Antartica continental shelf"
"MUSP35","Electrona antarctica",NA,NA,NA,"Unexploited small pelagics",1996,0.00185393612781955,NA,"Counts per m3","Antartica continental shelf"
"MUSP35","Electrona antarctica",NA,NA,NA,"Unexploited small pelagics",1997,0.00291729534693878,NA,"Counts per m3","Antartica continental shelf"
"MUSP35","Electrona antarctica",NA,NA,NA,"Unexploited small pelagics",1998,0.000458242253456221,NA,"Counts per m3","Antartica continental shelf"
"MUSP35","Electrona antarctica",NA,NA,NA,"Unexploited small pelagics",1999,0.00036386667867036,NA,"Counts per m3","Antartica continental shelf"
"MUSP35","Electrona antarctica",NA,NA,NA,"Unexploited small pelagics",2000,0.000190302764705882,NA,"Counts per m3","Antartica continental shelf"
"MUSP35","Electrona antarctica",NA,NA,NA,"Unexploited small pelagics",2001,0.000356669272727273,NA,"Counts per m3","Antartica continental shelf"
"MUSP35","Electrona antarctica",NA,NA,NA,"Unexploited small pelagics",2002,0.00397508222857143,NA,"Counts per m3","Antartica continental shelf"
"MUSP35","Electrona antarctica",NA,NA,NA,"Unexploited small pelagics",2003,0.00252751550526316,NA,"Counts per m3","Antartica continental shelf"
"MUSP35","Electrona antarctica",NA,NA,NA,"Unexploited small pelagics",2004,0.000836900316326531,NA,"Counts per m3","Antartica continental shelf"
"MUSP35","Electrona antarctica",NA,NA,NA,"Unexploited small pelagics",2005,0.000314004,NA,"Counts per m3","Antartica continental shelf"
"MUSP35","Electrona antarctica",NA,NA,NA,"Unexploited small pelagics",2006,0.00117381919230769,NA,"Counts per m3","Antartica continental shelf"
"MUSP35","Electrona antarctica",NA,NA,NA,"Unexploited small pelagics",2007,0.00134541078947368,NA,"Counts per m3","Antartica continental shelf"
"MUSP35","Electrona antarctica",NA,NA,NA,"Unexploited small pelagics",2008,0.000673139432624114,NA,"Counts per m3","Antartica continental shelf"
"MUSP35","Electrona antarctica",NA,NA,NA,"Unexploited small pelagics",2009,0.000228860893617021,NA,"Counts per m3","Antartica continental shelf"
"MUSP35","Electrona antarctica",NA,NA,NA,"Unexploited small pelagics",2010,0.000398364,NA,"Counts per m3","Antartica continental shelf"
"MUSP35","Electrona antarctica",NA,NA,NA,"Unexploited small pelagics",2011,0.0133580926842105,NA,"Counts per m3","Antartica continental shelf"
"MUSP35","Electrona antarctica",NA,NA,NA,"Unexploited small pelagics",2012,0.000287864,NA,"Counts per m3","Antartica continental shelf"
"MUSP35","Electrona antarctica",NA,NA,NA,"Unexploited small pelagics",2013,0.000987512454545455,NA,"Counts per m3","Antartica continental shelf"
"MUSP35","Electrona antarctica",NA,NA,NA,"Unexploited small pelagics",2014,0.000588107565217391,NA,"Counts per m3","Antartica continental shelf"
"MUSP35","Electrona antarctica",NA,NA,NA,"Unexploited small pelagics",2015,0.000524547846153846,NA,"Counts per m3","Antartica continental shelf"
"MUSP35","Electrona antarctica",NA,NA,NA,"Unexploited small pelagics",2016,1.824e-05,NA,"Counts per m3","Antartica continental shelf"
"MUSP35","Electrona antarctica",NA,NA,NA,"Unexploited small pelagics",2019,0.00089389244117647,NA,"Counts per m3","Antartica continental shelf"
"MUSP35","Electrona antarctica",NA,NA,NA,"Unexploited small pelagics",NA,NA,NA,"Counts per m3","Antartica continental shelf"
"MUSP36","Electrona carlsbergi",NA,NA,NA,"Unexploited small pelagics",1991,6.75922857142857e-05,NA,"Counts per m3","Antartica continental shelf"
"MUSP36","Electrona carlsbergi",NA,NA,NA,"Unexploited small pelagics",1996,0.000191387666666667,NA,"Counts per m3","Antartica continental shelf"
"MUSP36","Electrona carlsbergi",NA,NA,NA,"Unexploited small pelagics",1997,0.00123317509090909,NA,"Counts per m3","Antartica continental shelf"
"MUSP36","Electrona carlsbergi",NA,NA,NA,"Unexploited small pelagics",1998,0.000121462655172414,NA,"Counts per m3","Antartica continental shelf"
"MUSP36","Electrona carlsbergi",NA,NA,NA,"Unexploited small pelagics",1999,6.82017461928934e-05,NA,"Counts per m3","Antartica continental shelf"
"MUSP36","Electrona carlsbergi",NA,NA,NA,"Unexploited small pelagics",2000,0.000198840022222222,NA,"Counts per m3","Antartica continental shelf"
"MUSP36","Electrona carlsbergi",NA,NA,NA,"Unexploited small pelagics",2001,0.000374789125,NA,"Counts per m3","Antartica continental shelf"
"MUSP36","Electrona carlsbergi",NA,NA,NA,"Unexploited small pelagics",2002,0.000869021333333333,NA,"Counts per m3","Antartica continental shelf"
"MUSP36","Electrona carlsbergi",NA,NA,NA,"Unexploited small pelagics",2003,0.000254295,NA,"Counts per m3","Antartica continental shelf"
"MUSP36","Electrona carlsbergi",NA,NA,NA,"Unexploited small pelagics",2004,0.000455776814814815,NA,"Counts per m3","Antartica continental shelf"
"MUSP36","Electrona carlsbergi",NA,NA,NA,"Unexploited small pelagics",2005,0.0003150222,NA,"Counts per m3","Antartica continental shelf"
"MUSP36","Electrona carlsbergi",NA,NA,NA,"Unexploited small pelagics",2006,0.000370229894736842,NA,"Counts per m3","Antartica continental shelf"
"MUSP36","Electrona carlsbergi",NA,NA,NA,"Unexploited small pelagics",2007,0.000357996333333333,NA,"Counts per m3","Antartica continental shelf"
"MUSP36","Electrona carlsbergi",NA,NA,NA,"Unexploited small pelagics",2008,0.000208757529411765,NA,"Counts per m3","Antartica continental shelf"
"MUSP36","Electrona carlsbergi",NA,NA,NA,"Unexploited small pelagics",2009,0.000112143076923077,NA,"Counts per m3","Antartica continental shelf"
"MUSP36","Electrona carlsbergi",NA,NA,NA,"Unexploited small pelagics",2011,0.0025980588,NA,"Counts per m3","Antartica continental shelf"
"MUSP36","Electrona carlsbergi",NA,NA,NA,"Unexploited small pelagics",2015,0.000246394,NA,"Counts per m3","Antartica continental shelf"
"MUSP36","Electrona carlsbergi",NA,NA,NA,"Unexploited small pelagics",2016,2.14333333333333e-06,NA,"Counts per m3","Antartica continental shelf"
"MUSP37","Electrona paucirastra",NA,NA,NA,"Unexploited small pelagics",1999,1.78333333333333e-05,NA,"Counts per m3","Antartica continental shelf"
"MUSP38","Electrona subaspera",NA,NA,NA,"Unexploited small pelagics",1991,5.8e-06,NA,"Counts per m3","Antartica continental shelf"
"MUSP38","Electrona subaspera",NA,NA,NA,"Unexploited small pelagics",1998,1.74908571428571e-05,NA,"Counts per m3","Antartica continental shelf"
"MUSP38","Electrona subaspera",NA,NA,NA,"Unexploited small pelagics",1999,1.70676838235294e-05,NA,"Counts per m3","Antartica continental shelf"
"MUSP38","Electrona subaspera",NA,NA,NA,"Unexploited small pelagics",2000,1.57641346153846e-05,NA,"Counts per m3","Antartica continental shelf"
"MUSP38","Electrona subaspera",NA,NA,NA,"Unexploited small pelagics",2001,0.00023005,NA,"Counts per m3","Antartica continental shelf"
"MUSP38","Electrona subaspera",NA,NA,NA,"Unexploited small pelagics",2002,0.000227676,NA,"Counts per m3","Antartica continental shelf"
"MUSP38","Electrona subaspera",NA,NA,NA,"Unexploited small pelagics",2005,0.000283054,NA,"Counts per m3","Antartica continental shelf"
"MUSP38","Electrona subaspera",NA,NA,NA,"Unexploited small pelagics",2006,1.03e-05,NA,"Counts per m3","Antartica continental shelf"
"MUSP38","Electrona subaspera",NA,NA,NA,"Unexploited small pelagics",2008,0.000279648333333333,NA,"Counts per m3","Antartica continental shelf"
"MUSP38","Electrona subaspera",NA,NA,NA,"Unexploited small pelagics",2009,9.715e-06,NA,"Counts per m3","Antartica continental shelf"
"MUSP39","Evermannella balbo",NA,NA,NA,"Unexploited small pelagics",1999,6.95e-06,NA,"Counts per m3","Antartica continental shelf"
"MUSP4","Artedidraco mirus",NA,NA,NA,"Unexploited small pelagics",1995,0.000209155,NA,"Counts per m3","Antartica continental shelf"
"MUSP4","Artedidraco mirus",NA,NA,NA,"Unexploited small pelagics",2002,0.000312252,NA,"Counts per m3","Antartica continental shelf"
"MUSP4","Artedidraco mirus",NA,NA,NA,"Unexploited small pelagics",2003,0.000208284,NA,"Counts per m3","Antartica continental shelf"
"MUSP4","Artedidraco mirus",NA,NA,NA,"Unexploited small pelagics",2004,0.0005673545,NA,"Counts per m3","Antartica continental shelf"
"MUSP4","Artedidraco mirus",NA,NA,NA,"Unexploited small pelagics",2008,0.000271441,NA,"Counts per m3","Antartica continental shelf"
"MUSP40","Filippovia knipovitchi",NA,NA,NA,"Unexploited small pelagics",2006,9.94e-06,NA,"Counts per m3","Antartica continental shelf"
"MUSP41","Galiteuthis glacialis",NA,NA,NA,"Unexploited small pelagics",2004,3.58227777777778e-05,NA,"Counts per m3","Antartica continental shelf"
"MUSP41","Galiteuthis glacialis",NA,NA,NA,"Unexploited small pelagics",2006,3.65e-05,NA,"Counts per m3","Antartica continental shelf"
"MUSP41","Galiteuthis glacialis",NA,NA,NA,"Unexploited small pelagics",2008,2.36638888888889e-05,NA,"Counts per m3","Antartica continental shelf"
"MUSP42","Gerlachea australis",NA,NA,NA,"Unexploited small pelagics",1996,6.95e-05,NA,"Counts per m3","Antartica continental shelf"
"MUSP42","Gerlachea australis",NA,NA,NA,"Unexploited small pelagics",2002,0.000815395,NA,"Counts per m3","Antartica continental shelf"
"MUSP42","Gerlachea australis",NA,NA,NA,"Unexploited small pelagics",2005,5.85e-05,NA,"Counts per m3","Antartica continental shelf"
"MUSP42","Gerlachea australis",NA,NA,NA,"Unexploited small pelagics",2006,2.8e-05,NA,"Counts per m3","Antartica continental shelf"
"MUSP42","Gerlachea australis",NA,NA,NA,"Unexploited small pelagics",2008,0.00134888335294118,NA,"Counts per m3","Antartica continental shelf"
"MUSP43","Gobionotothen acuta",NA,NA,NA,"Unexploited small pelagics",1998,0.0002577164,NA,"Counts per m3","Antartica continental shelf"
"MUSP43","Gobionotothen acuta",NA,NA,NA,"Unexploited small pelagics",1999,8.3e-06,NA,"Counts per m3","Antartica continental shelf"
"MUSP43","Gobionotothen acuta",NA,NA,NA,"Unexploited small pelagics",2000,6.54e-05,NA,"Counts per m3","Antartica continental shelf"
"MUSP44","Gobionotothen gibberifrons",NA,NA,NA,"Unexploited small pelagics",1992,0.000388282,NA,"Counts per m3","Antartica continental shelf"
"MUSP44","Gobionotothen gibberifrons",NA,NA,NA,"Unexploited small pelagics",1995,0.000209155,NA,"Counts per m3","Antartica continental shelf"
"MUSP44","Gobionotothen gibberifrons",NA,NA,NA,"Unexploited small pelagics",1998,0.000274132,NA,"Counts per m3","Antartica continental shelf"
"MUSP44","Gobionotothen gibberifrons",NA,NA,NA,"Unexploited small pelagics",1999,0.000233153,NA,"Counts per m3","Antartica continental shelf"
"MUSP44","Gobionotothen gibberifrons",NA,NA,NA,"Unexploited small pelagics",2002,0.000561423,NA,"Counts per m3","Antartica continental shelf"
"MUSP44","Gobionotothen gibberifrons",NA,NA,NA,"Unexploited small pelagics",2004,0.00046871075,NA,"Counts per m3","Antartica continental shelf"
"MUSP44","Gobionotothen gibberifrons",NA,NA,NA,"Unexploited small pelagics",2008,0.000370527,NA,"Counts per m3","Antartica continental shelf"
"MUSP44","Gobionotothen gibberifrons",NA,NA,NA,"Unexploited small pelagics",2009,0.000429700333333333,NA,"Counts per m3","Antartica continental shelf"
"MUSP44","Gobionotothen gibberifrons",NA,NA,NA,"Unexploited small pelagics",2013,0.000307723333333333,NA,"Counts per m3","Antartica continental shelf"
"MUSP44","Gobionotothen gibberifrons",NA,NA,NA,"Unexploited small pelagics",2014,0.000211996,NA,"Counts per m3","Antartica continental shelf"
"MUSP44","Gobionotothen gibberifrons",NA,NA,NA,"Unexploited small pelagics",NA,NA,NA,"Counts per m3","Antartica continental shelf"
"MUSP45","Gonatus antarcticus",NA,NA,NA,"Unexploited small pelagics",2006,8.81e-06,NA,"Counts per m3","Antartica continental shelf"
"MUSP46","Gymnodraco acuticeps",NA,NA,NA,"Unexploited small pelagics",1995,0.000220679,NA,"Counts per m3","Antartica continental shelf"
"MUSP46","Gymnodraco acuticeps",NA,NA,NA,"Unexploited small pelagics",1996,6.95e-05,NA,"Counts per m3","Antartica continental shelf"
"MUSP46","Gymnodraco acuticeps",NA,NA,NA,"Unexploited small pelagics",2006,2.27e-05,NA,"Counts per m3","Antartica continental shelf"
"MUSP46","Gymnodraco acuticeps",NA,NA,NA,"Unexploited small pelagics",2008,0.000224003333333333,NA,"Counts per m3","Antartica continental shelf"
"MUSP47","Gymnoscopelus bolini",NA,NA,NA,"Unexploited small pelagics",1991,3.61166666666667e-06,NA,"Counts per m3","Antartica continental shelf"
"MUSP47","Gymnoscopelus bolini",NA,NA,NA,"Unexploited small pelagics",1998,1.65546511627907e-05,NA,"Counts per m3","Antartica continental shelf"
"MUSP47","Gymnoscopelus bolini",NA,NA,NA,"Unexploited small pelagics",1999,1.1526862745098e-05,NA,"Counts per m3","Antartica continental shelf"
"MUSP47","Gymnoscopelus bolini",NA,NA,NA,"Unexploited small pelagics",2000,9.55944444444444e-06,NA,"Counts per m3","Antartica continental shelf"
"MUSP47","Gymnoscopelus bolini",NA,NA,NA,"Unexploited small pelagics",2001,0.00021443,NA,"Counts per m3","Antartica continental shelf"
"MUSP47","Gymnoscopelus bolini",NA,NA,NA,"Unexploited small pelagics",2004,9.53333333333333e-06,NA,"Counts per m3","Antartica continental shelf"
"MUSP47","Gymnoscopelus bolini",NA,NA,NA,"Unexploited small pelagics",2005,0.0004247265,NA,"Counts per m3","Antartica continental shelf"
"MUSP47","Gymnoscopelus bolini",NA,NA,NA,"Unexploited small pelagics",2008,9.52136666666667e-05,NA,"Counts per m3","Antartica continental shelf"
"MUSP47","Gymnoscopelus bolini",NA,NA,NA,"Unexploited small pelagics",2009,1.01e-05,NA,"Counts per m3","Antartica continental shelf"
"MUSP47","Gymnoscopelus bolini",NA,NA,NA,"Unexploited small pelagics",2016,3.24333333333333e-06,NA,"Counts per m3","Antartica continental shelf"
"MUSP47","Gymnoscopelus bolini",NA,NA,NA,"Unexploited small pelagics",NA,NA,NA,"Counts per m3","Antartica continental shelf"
"MUSP48","Gymnoscopelus braueri",NA,NA,NA,"Unexploited small pelagics",1991,0.000190477142857143,NA,"Counts per m3","Antartica continental shelf"
"MUSP48","Gymnoscopelus braueri",NA,NA,NA,"Unexploited small pelagics",1996,0.0002787374,NA,"Counts per m3","Antartica continental shelf"
"MUSP48","Gymnoscopelus braueri",NA,NA,NA,"Unexploited small pelagics",1997,0.0109603143333333,NA,"Counts per m3","Antartica continental shelf"
"MUSP48","Gymnoscopelus braueri",NA,NA,NA,"Unexploited small pelagics",1998,0.000129304710526316,NA,"Counts per m3","Antartica continental shelf"
"MUSP48","Gymnoscopelus braueri",NA,NA,NA,"Unexploited small pelagics",1999,0.000129994065454545,NA,"Counts per m3","Antartica continental shelf"
"MUSP48","Gymnoscopelus braueri",NA,NA,NA,"Unexploited small pelagics",2000,0.000141833560344828,NA,"Counts per m3","Antartica continental shelf"
"MUSP48","Gymnoscopelus braueri",NA,NA,NA,"Unexploited small pelagics",2001,0.000335402625,NA,"Counts per m3","Antartica continental shelf"
"MUSP48","Gymnoscopelus braueri",NA,NA,NA,"Unexploited small pelagics",2002,0.000467307857142857,NA,"Counts per m3","Antartica continental shelf"
"MUSP48","Gymnoscopelus braueri",NA,NA,NA,"Unexploited small pelagics",2003,0.000637345625,NA,"Counts per m3","Antartica continental shelf"
"MUSP48","Gymnoscopelus braueri",NA,NA,NA,"Unexploited small pelagics",2004,0.000275190934210526,NA,"Counts per m3","Antartica continental shelf"
"MUSP48","Gymnoscopelus braueri",NA,NA,NA,"Unexploited small pelagics",2005,0.00048506175,NA,"Counts per m3","Antartica continental shelf"
"MUSP48","Gymnoscopelus braueri",NA,NA,NA,"Unexploited small pelagics",2006,0.000169535666666667,NA,"Counts per m3","Antartica continental shelf"
"MUSP48","Gymnoscopelus braueri",NA,NA,NA,"Unexploited small pelagics",2007,0.0004030075,NA,"Counts per m3","Antartica continental shelf"
"MUSP48","Gymnoscopelus braueri",NA,NA,NA,"Unexploited small pelagics",2008,0.000152562181818182,NA,"Counts per m3","Antartica continental shelf"
"MUSP48","Gymnoscopelus braueri",NA,NA,NA,"Unexploited small pelagics",2009,0.00019969085,NA,"Counts per m3","Antartica continental shelf"
"MUSP48","Gymnoscopelus braueri",NA,NA,NA,"Unexploited small pelagics",2010,0.000213624,NA,"Counts per m3","Antartica continental shelf"
"MUSP48","Gymnoscopelus braueri",NA,NA,NA,"Unexploited small pelagics",2011,0.030754233,NA,"Counts per m3","Antartica continental shelf"
"MUSP48","Gymnoscopelus braueri",NA,NA,NA,"Unexploited small pelagics",2013,0.000426401,NA,"Counts per m3","Antartica continental shelf"
"MUSP48","Gymnoscopelus braueri",NA,NA,NA,"Unexploited small pelagics",2015,0.000264697,NA,"Counts per m3","Antartica continental shelf"
"MUSP48","Gymnoscopelus braueri",NA,NA,NA,"Unexploited small pelagics",2016,2.28639375e-05,NA,"Counts per m3","Antartica continental shelf"
"MUSP48","Gymnoscopelus braueri",NA,NA,NA,"Unexploited small pelagics",2019,0.0001514198,NA,"Counts per m3","Antartica continental shelf"
"MUSP48","Gymnoscopelus braueri",NA,NA,NA,"Unexploited small pelagics",NA,NA,NA,"Counts per m3","Antartica continental shelf"
"MUSP49","Gymnoscopelus fraseri",NA,NA,NA,"Unexploited small pelagics",1991,1.95233333333333e-05,NA,"Counts per m3","Antartica continental shelf"
"MUSP49","Gymnoscopelus fraseri",NA,NA,NA,"Unexploited small pelagics",1998,0.000162894402515723,NA,"Counts per m3","Antartica continental shelf"
"MUSP49","Gymnoscopelus fraseri",NA,NA,NA,"Unexploited small pelagics",1999,5.82899652509652e-05,NA,"Counts per m3","Antartica continental shelf"
"MUSP49","Gymnoscopelus fraseri",NA,NA,NA,"Unexploited small pelagics",2000,6.22522882882883e-05,NA,"Counts per m3","Antartica continental shelf"
"MUSP49","Gymnoscopelus fraseri",NA,NA,NA,"Unexploited small pelagics",2004,7.98531555555556e-05,NA,"Counts per m3","Antartica continental shelf"
"MUSP49","Gymnoscopelus fraseri",NA,NA,NA,"Unexploited small pelagics",2006,2.532e-05,NA,"Counts per m3","Antartica continental shelf"
"MUSP49","Gymnoscopelus fraseri",NA,NA,NA,"Unexploited small pelagics",2008,9.55682222222222e-05,NA,"Counts per m3","Antartica continental shelf"
"MUSP49","Gymnoscopelus fraseri",NA,NA,NA,"Unexploited small pelagics",2009,5.21488461538462e-05,NA,"Counts per m3","Antartica continental shelf"
"MUSP49","Gymnoscopelus fraseri",NA,NA,NA,"Unexploited small pelagics",2016,4.4e-06,NA,"Counts per m3","Antartica continental shelf"
"MUSP49","Gymnoscopelus fraseri",NA,NA,NA,"Unexploited small pelagics",NA,NA,NA,"Counts per m3","Antartica continental shelf"
"MUSP5","Artedidraco scottsbergi",NA,NA,NA,"Unexploited small pelagics",2006,1.67e-05,NA,"Counts per m3","Antartica continental shelf"
"MUSP50","Gymnoscopelus hintonoides",NA,NA,NA,"Unexploited small pelagics",1999,4.42e-06,NA,"Counts per m3","Antartica continental shelf"
"MUSP50","Gymnoscopelus hintonoides",NA,NA,NA,"Unexploited small pelagics",2000,2.18e-05,NA,"Counts per m3","Antartica continental shelf"
"MUSP50","Gymnoscopelus hintonoides",NA,NA,NA,"Unexploited small pelagics",2004,3.38e-06,NA,"Counts per m3","Antartica continental shelf"
"MUSP50","Gymnoscopelus hintonoides",NA,NA,NA,"Unexploited small pelagics",2009,1.28e-05,NA,"Counts per m3","Antartica continental shelf"
"MUSP50","Gymnoscopelus hintonoides",NA,NA,NA,"Unexploited small pelagics",2016,2.17e-06,NA,"Counts per m3","Antartica continental shelf"
"MUSP51","Gymnoscopelus microlampas",NA,NA,NA,"Unexploited small pelagics",1999,1.51814285714286e-05,NA,"Counts per m3","Antartica continental shelf"
"MUSP51","Gymnoscopelus microlampas",NA,NA,NA,"Unexploited small pelagics",2004,4e-05,NA,"Counts per m3","Antartica continental shelf"
"MUSP52","Gymnoscopelus nicholsi",NA,NA,NA,"Unexploited small pelagics",1991,1.084e-05,NA,"Counts per m3","Antartica continental shelf"
"MUSP52","Gymnoscopelus nicholsi",NA,NA,NA,"Unexploited small pelagics",1995,0.000423537,NA,"Counts per m3","Antartica continental shelf"
"MUSP52","Gymnoscopelus nicholsi",NA,NA,NA,"Unexploited small pelagics",1996,0.000287447125,NA,"Counts per m3","Antartica continental shelf"
"MUSP52","Gymnoscopelus nicholsi",NA,NA,NA,"Unexploited small pelagics",1997,0.0004210528,NA,"Counts per m3","Antartica continental shelf"
"MUSP52","Gymnoscopelus nicholsi",NA,NA,NA,"Unexploited small pelagics",1998,5.33552303030303e-05,NA,"Counts per m3","Antartica continental shelf"
"MUSP52","Gymnoscopelus nicholsi",NA,NA,NA,"Unexploited small pelagics",1999,5.08593445378151e-05,NA,"Counts per m3","Antartica continental shelf"
"MUSP52","Gymnoscopelus nicholsi",NA,NA,NA,"Unexploited small pelagics",2000,4.86781382978723e-05,NA,"Counts per m3","Antartica continental shelf"
"MUSP52","Gymnoscopelus nicholsi",NA,NA,NA,"Unexploited small pelagics",2001,0.000296164,NA,"Counts per m3","Antartica continental shelf"
"MUSP52","Gymnoscopelus nicholsi",NA,NA,NA,"Unexploited small pelagics",2002,0.000369112333333333,NA,"Counts per m3","Antartica continental shelf"
"MUSP52","Gymnoscopelus nicholsi",NA,NA,NA,"Unexploited small pelagics",2003,0.000242946,NA,"Counts per m3","Antartica continental shelf"
"MUSP52","Gymnoscopelus nicholsi",NA,NA,NA,"Unexploited small pelagics",2004,9.50375490196078e-05,NA,"Counts per m3","Antartica continental shelf"
"MUSP52","Gymnoscopelus nicholsi",NA,NA,NA,"Unexploited small pelagics",2005,0.0003572985,NA,"Counts per m3","Antartica continental shelf"
"MUSP52","Gymnoscopelus nicholsi",NA,NA,NA,"Unexploited small pelagics",2006,0.00021408375,NA,"Counts per m3","Antartica continental shelf"
"MUSP52","Gymnoscopelus nicholsi",NA,NA,NA,"Unexploited small pelagics",2007,0.000279643,NA,"Counts per m3","Antartica continental shelf"
"MUSP52","Gymnoscopelus nicholsi",NA,NA,NA,"Unexploited small pelagics",2008,2.11646666666667e-05,NA,"Counts per m3","Antartica continental shelf"
"MUSP52","Gymnoscopelus nicholsi",NA,NA,NA,"Unexploited small pelagics",2009,1.63444444444444e-05,NA,"Counts per m3","Antartica continental shelf"
"MUSP52","Gymnoscopelus nicholsi",NA,NA,NA,"Unexploited small pelagics",2011,0.00112185428571429,NA,"Counts per m3","Antartica continental shelf"
"MUSP52","Gymnoscopelus nicholsi",NA,NA,NA,"Unexploited small pelagics",2016,3.39846153846154e-06,NA,"Counts per m3","Antartica continental shelf"
"MUSP52","Gymnoscopelus nicholsi",NA,NA,NA,"Unexploited small pelagics",NA,NA,NA,"Counts per m3","Antartica continental shelf"
"MUSP53","Gymnoscopelus opisthopterus",NA,NA,NA,"Unexploited small pelagics",1995,0.0003947368,NA,"Counts per m3","Antartica continental shelf"
"MUSP53","Gymnoscopelus opisthopterus",NA,NA,NA,"Unexploited small pelagics",1996,0.000338206333333333,NA,"Counts per m3","Antartica continental shelf"
"MUSP53","Gymnoscopelus opisthopterus",NA,NA,NA,"Unexploited small pelagics",1997,0.000314775333333333,NA,"Counts per m3","Antartica continental shelf"
"MUSP53","Gymnoscopelus opisthopterus",NA,NA,NA,"Unexploited small pelagics",1999,1.47e-05,NA,"Counts per m3","Antartica continental shelf"
"MUSP53","Gymnoscopelus opisthopterus",NA,NA,NA,"Unexploited small pelagics",2005,0.041788338,NA,"Counts per m3","Antartica continental shelf"
"MUSP53","Gymnoscopelus opisthopterus",NA,NA,NA,"Unexploited small pelagics",2006,2.97333333333333e-05,NA,"Counts per m3","Antartica continental shelf"
"MUSP53","Gymnoscopelus opisthopterus",NA,NA,NA,"Unexploited small pelagics",2008,4.73049375e-05,NA,"Counts per m3","Antartica continental shelf"
"MUSP53","Gymnoscopelus opisthopterus",NA,NA,NA,"Unexploited small pelagics",2009,9.29e-06,NA,"Counts per m3","Antartica continental shelf"
"MUSP53","Gymnoscopelus opisthopterus",NA,NA,NA,"Unexploited small pelagics",2011,0.000548368,NA,"Counts per m3","Antartica continental shelf"
"MUSP53","Gymnoscopelus opisthopterus",NA,NA,NA,"Unexploited small pelagics",2016,6.598e-06,NA,"Counts per m3","Antartica continental shelf"
"MUSP53","Gymnoscopelus opisthopterus",NA,NA,NA,"Unexploited small pelagics",2019,0.000109119,NA,"Counts per m3","Antartica continental shelf"
"MUSP53","Gymnoscopelus opisthopterus",NA,NA,NA,"Unexploited small pelagics",NA,NA,NA,"Counts per m3","Antartica continental shelf"
"MUSP54","Gymnoscopelus piabilis",NA,NA,NA,"Unexploited small pelagics",1998,3.81721951219512e-05,NA,"Counts per m3","Antartica continental shelf"
"MUSP54","Gymnoscopelus piabilis",NA,NA,NA,"Unexploited small pelagics",1999,2.13302627118644e-05,NA,"Counts per m3","Antartica continental shelf"
"MUSP54","Gymnoscopelus piabilis",NA,NA,NA,"Unexploited small pelagics",2000,2.95344318181818e-05,NA,"Counts per m3","Antartica continental shelf"
"MUSP54","Gymnoscopelus piabilis",NA,NA,NA,"Unexploited small pelagics",2006,3.08666666666667e-05,NA,"Counts per m3","Antartica continental shelf"
"MUSP55","Halargyreus johnsonii",NA,NA,NA,"Unexploited small pelagics",1999,1.445e-05,NA,"Counts per m3","Antartica continental shelf"
"MUSP56","Harpagifer antarcticus",NA,NA,NA,"Unexploited small pelagics",1995,0.000924105,NA,"Counts per m3","Antartica continental shelf"
"MUSP56","Harpagifer antarcticus",NA,NA,NA,"Unexploited small pelagics",2002,0.000626212,NA,"Counts per m3","Antartica continental shelf"
"MUSP56","Harpagifer antarcticus",NA,NA,NA,"Unexploited small pelagics",2003,0.000619844666666667,NA,"Counts per m3","Antartica continental shelf"
"MUSP56","Harpagifer antarcticus",NA,NA,NA,"Unexploited small pelagics",2004,0.0002740755,NA,"Counts per m3","Antartica continental shelf"
"MUSP56","Harpagifer antarcticus",NA,NA,NA,"Unexploited small pelagics",2006,0.00114023975,NA,"Counts per m3","Antartica continental shelf"
"MUSP56","Harpagifer antarcticus",NA,NA,NA,"Unexploited small pelagics",2008,0.00146072535294118,NA,"Counts per m3","Antartica continental shelf"
"MUSP56","Harpagifer antarcticus",NA,NA,NA,"Unexploited small pelagics",2011,0.0005965265,NA,"Counts per m3","Antartica continental shelf"
"MUSP56","Harpagifer antarcticus",NA,NA,NA,"Unexploited small pelagics",2013,0.000281074,NA,"Counts per m3","Antartica continental shelf"
"MUSP57","Harpagifer kerguelensis",NA,NA,NA,"Unexploited small pelagics",1998,0.000179285285714286,NA,"Counts per m3","Antartica continental shelf"
"MUSP57","Harpagifer kerguelensis",NA,NA,NA,"Unexploited small pelagics",1999,2.75918333333333e-05,NA,"Counts per m3","Antartica continental shelf"
"MUSP58","Hintonia candens",NA,NA,NA,"Unexploited small pelagics",1999,5.79e-06,NA,"Counts per m3","Antartica continental shelf"
"MUSP59","Histioteuthis eltaninae",NA,NA,NA,"Unexploited small pelagics",2006,1.37e-05,NA,"Counts per m3","Antartica continental shelf"
"MUSP6","Artedidraco skottsbergi",NA,NA,NA,"Unexploited small pelagics",1997,0.000241916,NA,"Counts per m3","Antartica continental shelf"
"MUSP6","Artedidraco skottsbergi",NA,NA,NA,"Unexploited small pelagics",1998,0.00022502,NA,"Counts per m3","Antartica continental shelf"
"MUSP60","Icichthys australis",NA,NA,NA,"Unexploited small pelagics",1998,1.56728e-05,NA,"Counts per m3","Antartica continental shelf"
"MUSP60","Icichthys australis",NA,NA,NA,"Unexploited small pelagics",1999,7.35290909090909e-06,NA,"Counts per m3","Antartica continental shelf"
"MUSP60","Icichthys australis",NA,NA,NA,"Unexploited small pelagics",2000,7.46e-06,NA,"Counts per m3","Antartica continental shelf"
"MUSP60","Icichthys australis",NA,NA,NA,"Unexploited small pelagics",2004,5.515e-06,NA,"Counts per m3","Antartica continental shelf"
"MUSP60","Icichthys australis",NA,NA,NA,"Unexploited small pelagics",2006,8.69e-06,NA,"Counts per m3","Antartica continental shelf"
"MUSP60","Icichthys australis",NA,NA,NA,"Unexploited small pelagics",2016,1.82e-06,NA,"Counts per m3","Antartica continental shelf"
"MUSP61","Idiacanthus atlanticus",NA,NA,NA,"Unexploited small pelagics",1998,2.58e-05,NA,"Counts per m3","Antartica continental shelf"
"MUSP61","Idiacanthus atlanticus",NA,NA,NA,"Unexploited small pelagics",1999,6.16e-06,NA,"Counts per m3","Antartica continental shelf"
"MUSP61","Idiacanthus atlanticus",NA,NA,NA,"Unexploited small pelagics",2000,4.6525e-06,NA,"Counts per m3","Antartica continental shelf"
"MUSP61","Idiacanthus atlanticus",NA,NA,NA,"Unexploited small pelagics",2019,8.58e-05,NA,"Counts per m3","Antartica continental shelf"
"MUSP62","Krefftichthys anderssoni",NA,NA,NA,"Unexploited small pelagics",1991,0.0001755608125,NA,"Counts per m3","Antartica continental shelf"
"MUSP62","Krefftichthys anderssoni",NA,NA,NA,"Unexploited small pelagics",1994,0.0003125115,NA,"Counts per m3","Antartica continental shelf"
"MUSP62","Krefftichthys anderssoni",NA,NA,NA,"Unexploited small pelagics",1996,0.00010792175,NA,"Counts per m3","Antartica continental shelf"
"MUSP62","Krefftichthys anderssoni",NA,NA,NA,"Unexploited small pelagics",1997,0.0606079141111111,NA,"Counts per m3","Antartica continental shelf"
"MUSP62","Krefftichthys anderssoni",NA,NA,NA,"Unexploited small pelagics",1998,0.000576932215384615,NA,"Counts per m3","Antartica continental shelf"
"MUSP62","Krefftichthys anderssoni",NA,NA,NA,"Unexploited small pelagics",1999,0.000582007228013029,NA,"Counts per m3","Antartica continental shelf"
"MUSP62","Krefftichthys anderssoni",NA,NA,NA,"Unexploited small pelagics",2000,0.000139580545454545,NA,"Counts per m3","Antartica continental shelf"
"MUSP62","Krefftichthys anderssoni",NA,NA,NA,"Unexploited small pelagics",2001,0.000525047,NA,"Counts per m3","Antartica continental shelf"
"MUSP62","Krefftichthys anderssoni",NA,NA,NA,"Unexploited small pelagics",2002,0.000256879,NA,"Counts per m3","Antartica continental shelf"
"MUSP62","Krefftichthys anderssoni",NA,NA,NA,"Unexploited small pelagics",2003,0.0001415785,NA,"Counts per m3","Antartica continental shelf"
"MUSP62","Krefftichthys anderssoni",NA,NA,NA,"Unexploited small pelagics",2004,0.00016791821686747,NA,"Counts per m3","Antartica continental shelf"
"MUSP62","Krefftichthys anderssoni",NA,NA,NA,"Unexploited small pelagics",2005,0.0002595885,NA,"Counts per m3","Antartica continental shelf"
"MUSP62","Krefftichthys anderssoni",NA,NA,NA,"Unexploited small pelagics",2006,0.000196391714285714,NA,"Counts per m3","Antartica continental shelf"
"MUSP62","Krefftichthys anderssoni",NA,NA,NA,"Unexploited small pelagics",2007,0.000231283,NA,"Counts per m3","Antartica continental shelf"
"MUSP62","Krefftichthys anderssoni",NA,NA,NA,"Unexploited small pelagics",2008,0.00010208935483871,NA,"Counts per m3","Antartica continental shelf"
"MUSP62","Krefftichthys anderssoni",NA,NA,NA,"Unexploited small pelagics",2009,0.000142590368421053,NA,"Counts per m3","Antartica continental shelf"
"MUSP62","Krefftichthys anderssoni",NA,NA,NA,"Unexploited small pelagics",2011,0.000287062,NA,"Counts per m3","Antartica continental shelf"
"MUSP62","Krefftichthys anderssoni",NA,NA,NA,"Unexploited small pelagics",2013,0.00165992133333333,NA,"Counts per m3","Antartica continental shelf"
"MUSP62","Krefftichthys anderssoni",NA,NA,NA,"Unexploited small pelagics",2014,0.0031721975,NA,"Counts per m3","Antartica continental shelf"
"MUSP62","Krefftichthys anderssoni",NA,NA,NA,"Unexploited small pelagics",2015,0.00117881475,NA,"Counts per m3","Antartica continental shelf"
"MUSP62","Krefftichthys anderssoni",NA,NA,NA,"Unexploited small pelagics",2016,3.02330917431193e-05,NA,"Counts per m3","Antartica continental shelf"
"MUSP62","Krefftichthys anderssoni",NA,NA,NA,"Unexploited small pelagics",2019,0.00138484617647059,NA,"Counts per m3","Antartica continental shelf"
"MUSP62","Krefftichthys anderssoni",NA,NA,NA,"Unexploited small pelagics",NA,4.64e-06,NA,"Counts per m3","Antartica continental shelf"
"MUSP63","Labichthys yanoi",NA,NA,NA,"Unexploited small pelagics",1999,NA,NA,"Counts per m3","Antartica continental shelf"
"MUSP64","Lampanyctus intricarius",NA,NA,NA,"Unexploited small pelagics",1999,6.108e-06,NA,"Counts per m3","Antartica continental shelf"
"MUSP65","Lampanyctus macdonaldi",NA,NA,NA,"Unexploited small pelagics",1999,1.28e-05,NA,"Counts per m3","Antartica continental shelf"
"MUSP66","Lampichthys procerus",NA,NA,NA,"Unexploited small pelagics",1999,5.82222222222222e-06,NA,"Counts per m3","Antartica continental shelf"
"MUSP66","Lampichthys procerus",NA,NA,NA,"Unexploited small pelagics",2000,8.84e-06,NA,"Counts per m3","Antartica continental shelf"
"MUSP67","Lepidonotothen squamifrons",NA,NA,NA,"Unexploited small pelagics",1992,0.0006729,NA,"Counts per m3","Antartica continental shelf"
"MUSP67","Lepidonotothen squamifrons",NA,NA,NA,"Unexploited small pelagics",1993,0.000216296,NA,"Counts per m3","Antartica continental shelf"
"MUSP67","Lepidonotothen squamifrons",NA,NA,NA,"Unexploited small pelagics",1994,0.003452495375,NA,"Counts per m3","Antartica continental shelf"
"MUSP67","Lepidonotothen squamifrons",NA,NA,NA,"Unexploited small pelagics",1995,0.000747953745454546,NA,"Counts per m3","Antartica continental shelf"
"MUSP67","Lepidonotothen squamifrons",NA,NA,NA,"Unexploited small pelagics",1996,0.00119847583870968,NA,"Counts per m3","Antartica continental shelf"
"MUSP67","Lepidonotothen squamifrons",NA,NA,NA,"Unexploited small pelagics",1997,0.00191872087878788,NA,"Counts per m3","Antartica continental shelf"
"MUSP67","Lepidonotothen squamifrons",NA,NA,NA,"Unexploited small pelagics",1998,0.000911662685714286,NA,"Counts per m3","Antartica continental shelf"
"MUSP67","Lepidonotothen squamifrons",NA,NA,NA,"Unexploited small pelagics",1999,0.000139664255172414,NA,"Counts per m3","Antartica continental shelf"
"MUSP67","Lepidonotothen squamifrons",NA,NA,NA,"Unexploited small pelagics",2000,0.000629849264705882,NA,"Counts per m3","Antartica continental shelf"
"MUSP67","Lepidonotothen squamifrons",NA,NA,NA,"Unexploited small pelagics",2001,0.00122036061538462,NA,"Counts per m3","Antartica continental shelf"
"MUSP67","Lepidonotothen squamifrons",NA,NA,NA,"Unexploited small pelagics",2002,0.00111108431818182,NA,"Counts per m3","Antartica continental shelf"
"MUSP67","Lepidonotothen squamifrons",NA,NA,NA,"Unexploited small pelagics",2003,0.000918158765957447,NA,"Counts per m3","Antartica continental shelf"
"MUSP67","Lepidonotothen squamifrons",NA,NA,NA,"Unexploited small pelagics",2004,0.00166288748780488,NA,"Counts per m3","Antartica continental shelf"
"MUSP67","Lepidonotothen squamifrons",NA,NA,NA,"Unexploited small pelagics",2005,0.000954364703703704,NA,"Counts per m3","Antartica continental shelf"
"MUSP67","Lepidonotothen squamifrons",NA,NA,NA,"Unexploited small pelagics",2006,0.00138271725,NA,"Counts per m3","Antartica continental shelf"
"MUSP67","Lepidonotothen squamifrons",NA,NA,NA,"Unexploited small pelagics",2007,0.001793855,NA,"Counts per m3","Antartica continental shelf"
"MUSP67","Lepidonotothen squamifrons",NA,NA,NA,"Unexploited small pelagics",2008,0.00208827918604651,NA,"Counts per m3","Antartica continental shelf"
"MUSP67","Lepidonotothen squamifrons",NA,NA,NA,"Unexploited small pelagics",2009,0.00175627754545455,NA,"Counts per m3","Antartica continental shelf"
"MUSP67","Lepidonotothen squamifrons",NA,NA,NA,"Unexploited small pelagics",2010,0.001788645,NA,"Counts per m3","Antartica continental shelf"
"MUSP67","Lepidonotothen squamifrons",NA,NA,NA,"Unexploited small pelagics",2011,0.00587394629268293,NA,"Counts per m3","Antartica continental shelf"
"MUSP67","Lepidonotothen squamifrons",NA,NA,NA,"Unexploited small pelagics",2013,0.000152644,NA,"Counts per m3","Antartica continental shelf"
"MUSP67","Lepidonotothen squamifrons",NA,NA,NA,"Unexploited small pelagics",2014,0.000259281571428571,NA,"Counts per m3","Antartica continental shelf"
"MUSP67","Lepidonotothen squamifrons",NA,NA,NA,"Unexploited small pelagics",2015,0.000254750857142857,NA,"Counts per m3","Antartica continental shelf"
"MUSP68","Lindbergichthys mizops",NA,NA,NA,"Unexploited small pelagics",1998,7.49e-05,NA,"Counts per m3","Antartica continental shelf"
"MUSP68","Lindbergichthys mizops",NA,NA,NA,"Unexploited small pelagics",1999,1.82788888888889e-05,NA,"Counts per m3","Antartica continental shelf"
"MUSP69","Lindbergichthys nudifrons",NA,NA,NA,"Unexploited small pelagics",1995,0.0005112593,NA,"Counts per m3","Antartica continental shelf"
"MUSP69","Lindbergichthys nudifrons",NA,NA,NA,"Unexploited small pelagics",1996,0.000431113666666667,NA,"Counts per m3","Antartica continental shelf"
"MUSP69","Lindbergichthys nudifrons",NA,NA,NA,"Unexploited small pelagics",1997,0.000334378,NA,"Counts per m3","Antartica continental shelf"
"MUSP69","Lindbergichthys nudifrons",NA,NA,NA,"Unexploited small pelagics",1998,0.001562847,NA,"Counts per m3","Antartica continental shelf"
"MUSP69","Lindbergichthys nudifrons",NA,NA,NA,"Unexploited small pelagics",2002,0.00138913742857143,NA,"Counts per m3","Antartica continental shelf"
"MUSP69","Lindbergichthys nudifrons",NA,NA,NA,"Unexploited small pelagics",2004,0.000569779,NA,"Counts per m3","Antartica continental shelf"
"MUSP69","Lindbergichthys nudifrons",NA,NA,NA,"Unexploited small pelagics",2005,0.000310486,NA,"Counts per m3","Antartica continental shelf"
"MUSP69","Lindbergichthys nudifrons",NA,NA,NA,"Unexploited small pelagics",2008,0.00104921766666667,NA,"Counts per m3","Antartica continental shelf"
"MUSP69","Lindbergichthys nudifrons",NA,NA,NA,"Unexploited small pelagics",2009,0.000201737,NA,"Counts per m3","Antartica continental shelf"
"MUSP69","Lindbergichthys nudifrons",NA,NA,NA,"Unexploited small pelagics",2011,0.0043264508,NA,"Counts per m3","Antartica continental shelf"
"MUSP69","Lindbergichthys nudifrons",NA,NA,NA,"Unexploited small pelagics",2013,0.000414096,NA,"Counts per m3","Antartica continental shelf"
"MUSP69","Lindbergichthys nudifrons",NA,NA,NA,"Unexploited small pelagics",2014,0.001567376,NA,"Counts per m3","Antartica continental shelf"
"MUSP69","Lindbergichthys nudifrons",NA,NA,NA,"Unexploited small pelagics",2015,0.000842171,NA,"Counts per m3","Antartica continental shelf"
"MUSP7","Astronesthes psychrolutes",NA,NA,NA,"Unexploited small pelagics",2000,5.12e-06,NA,"Counts per m3","Antartica continental shelf"
"MUSP70","Luciosudis normani",NA,NA,NA,"Unexploited small pelagics",1999,5.64e-06,NA,"Counts per m3","Antartica continental shelf"
"MUSP71","Macrourus holotrachys",NA,NA,NA,"Unexploited small pelagics",2009,0.000167101,NA,"Counts per m3","Antartica continental shelf"
"MUSP72","Magnisudis prionosa",NA,NA,NA,"Unexploited small pelagics",1998,4.96e-06,NA,"Counts per m3","Antartica continental shelf"
"MUSP72","Magnisudis prionosa",NA,NA,NA,"Unexploited small pelagics",2000,3.81e-06,NA,"Counts per m3","Antartica continental shelf"
"MUSP73","Mancopsetta maculata",NA,NA,NA,"Unexploited small pelagics",1998,4.67e-06,NA,"Counts per m3","Antartica continental shelf"
"MUSP73","Mancopsetta maculata",NA,NA,NA,"Unexploited small pelagics",1999,4.96e-06,NA,"Counts per m3","Antartica continental shelf"
"MUSP74","Mastigoteuthis psychrophila",NA,NA,NA,"Unexploited small pelagics",2006,8.88e-06,NA,"Counts per m3","Antartica continental shelf"
"MUSP75","Melanonus gracilis",NA,NA,NA,"Unexploited small pelagics",1991,3.17e-06,NA,"Counts per m3","Antartica continental shelf"
"MUSP75","Melanonus gracilis",NA,NA,NA,"Unexploited small pelagics",1999,1.026375e-05,NA,"Counts per m3","Antartica continental shelf"
"MUSP75","Melanonus gracilis",NA,NA,NA,"Unexploited small pelagics",2000,7.686e-06,NA,"Counts per m3","Antartica continental shelf"
"MUSP76","Melanostigma gelatinosum",NA,NA,NA,"Unexploited small pelagics",1998,5.085e-06,NA,"Counts per m3","Antartica continental shelf"
"MUSP76","Melanostigma gelatinosum",NA,NA,NA,"Unexploited small pelagics",1999,9.2312e-06,NA,"Counts per m3","Antartica continental shelf"
"MUSP76","Melanostigma gelatinosum",NA,NA,NA,"Unexploited small pelagics",2000,7.64954545454545e-06,NA,"Counts per m3","Antartica continental shelf"
"MUSP76","Melanostigma gelatinosum",NA,NA,NA,"Unexploited small pelagics",2004,3.89e-05,NA,"Counts per m3","Antartica continental shelf"
"MUSP76","Melanostigma gelatinosum",NA,NA,NA,"Unexploited small pelagics",2008,6.47e-05,NA,"Counts per m3","Antartica continental shelf"
"MUSP77","Metelectrona ventralis",NA,NA,NA,"Unexploited small pelagics",1998,5.64857142857143e-06,NA,"Counts per m3","Antartica continental shelf"
"MUSP77","Metelectrona ventralis",NA,NA,NA,"Unexploited small pelagics",1999,9.28914285714286e-06,NA,"Counts per m3","Antartica continental shelf"
"MUSP77","Metelectrona ventralis",NA,NA,NA,"Unexploited small pelagics",2000,4.55666666666667e-06,NA,"Counts per m3","Antartica continental shelf"
"MUSP78","Muraenolepis marmorata",NA,NA,NA,"Unexploited small pelagics",1998,5.88780909090909e-05,NA,"Counts per m3","Antartica continental shelf"
"MUSP78","Muraenolepis marmorata",NA,NA,NA,"Unexploited small pelagics",1999,8.30066666666667e-06,NA,"Counts per m3","Antartica continental shelf"
"MUSP78","Muraenolepis marmorata",NA,NA,NA,"Unexploited small pelagics",2000,4.705e-06,NA,"Counts per m3","Antartica continental shelf"
"MUSP79","Muraenolepis microps",NA,NA,NA,"Unexploited small pelagics",2014,0.000209876333333333,NA,"Counts per m3","Antartica continental shelf"
"MUSP8","Bathydraco antarcticus",NA,NA,NA,"Unexploited small pelagics",1998,5.375e-06,NA,"Counts per m3","Antartica continental shelf"
"MUSP8","Bathydraco antarcticus",NA,NA,NA,"Unexploited small pelagics",1999,5.28e-06,NA,"Counts per m3","Antartica continental shelf"
"MUSP8","Bathydraco antarcticus",NA,NA,NA,"Unexploited small pelagics",2000,4.55e-06,NA,"Counts per m3","Antartica continental shelf"
"MUSP8","Bathydraco antarcticus",NA,NA,NA,"Unexploited small pelagics",2002,0.00026087,NA,"Counts per m3","Antartica continental shelf"
"MUSP8","Bathydraco antarcticus",NA,NA,NA,"Unexploited small pelagics",2004,0.000255659,NA,"Counts per m3","Antartica continental shelf"
"MUSP8","Bathydraco antarcticus",NA,NA,NA,"Unexploited small pelagics",2005,0.000281419,NA,"Counts per m3","Antartica continental shelf"
"MUSP8","Bathydraco antarcticus",NA,NA,NA,"Unexploited small pelagics",2008,0.009772929,NA,"Counts per m3","Antartica continental shelf"
"MUSP8","Bathydraco antarcticus",NA,NA,NA,"Unexploited small pelagics",2011,0.002332584,NA,"Counts per m3","Antartica continental shelf"
"MUSP8","Bathydraco antarcticus",NA,NA,NA,"Unexploited small pelagics",2013,0.0037431295,NA,"Counts per m3","Antartica continental shelf"
"MUSP80","Nannobrachium achirus",NA,NA,NA,"Unexploited small pelagics",1991,1.94628571428571e-05,NA,"Counts per m3","Antartica continental shelf"
"MUSP80","Nannobrachium achirus",NA,NA,NA,"Unexploited small pelagics",1998,5.45e-06,NA,"Counts per m3","Antartica continental shelf"
"MUSP80","Nannobrachium achirus",NA,NA,NA,"Unexploited small pelagics",1999,5.0552125e-05,NA,"Counts per m3","Antartica continental shelf"
"MUSP80","Nannobrachium achirus",NA,NA,NA,"Unexploited small pelagics",2000,4.81e-06,NA,"Counts per m3","Antartica continental shelf"
"MUSP80","Nannobrachium achirus",NA,NA,NA,"Unexploited small pelagics",2004,7.4581e-05,NA,"Counts per m3","Antartica continental shelf"
"MUSP80","Nannobrachium achirus",NA,NA,NA,"Unexploited small pelagics",2006,2.61077777777778e-05,NA,"Counts per m3","Antartica continental shelf"
"MUSP80","Nannobrachium achirus",NA,NA,NA,"Unexploited small pelagics",2008,1.367375e-05,NA,"Counts per m3","Antartica continental shelf"
"MUSP80","Nannobrachium achirus",NA,NA,NA,"Unexploited small pelagics",2009,3.07015384615385e-05,NA,"Counts per m3","Antartica continental shelf"
"MUSP80","Nannobrachium achirus",NA,NA,NA,"Unexploited small pelagics",2016,2.96142857142857e-06,NA,"Counts per m3","Antartica continental shelf"
"MUSP80","Nannobrachium achirus",NA,NA,NA,"Unexploited small pelagics",NA,NA,NA,"Counts per m3","Antartica continental shelf"
"MUSP81","Nansenia antarctica",NA,NA,NA,"Unexploited small pelagics",1991,1.95722222222222e-05,NA,"Counts per m3","Antartica continental shelf"
"MUSP81","Nansenia antarctica",NA,NA,NA,"Unexploited small pelagics",1998,8.75375e-06,NA,"Counts per m3","Antartica continental shelf"
"MUSP81","Nansenia antarctica",NA,NA,NA,"Unexploited small pelagics",1999,6.85583333333333e-06,NA,"Counts per m3","Antartica continental shelf"
"MUSP81","Nansenia antarctica",NA,NA,NA,"Unexploited small pelagics",2000,5.97625e-06,NA,"Counts per m3","Antartica continental shelf"
"MUSP81","Nansenia antarctica",NA,NA,NA,"Unexploited small pelagics",2004,2.32807692307692e-05,NA,"Counts per m3","Antartica continental shelf"
"MUSP81","Nansenia antarctica",NA,NA,NA,"Unexploited small pelagics",2006,1.456e-05,NA,"Counts per m3","Antartica continental shelf"
"MUSP81","Nansenia antarctica",NA,NA,NA,"Unexploited small pelagics",2008,1.21428571428571e-05,NA,"Counts per m3","Antartica continental shelf"
"MUSP81","Nansenia antarctica",NA,NA,NA,"Unexploited small pelagics",2009,9.45666666666667e-06,NA,"Counts per m3","Antartica continental shelf"
"MUSP81","Nansenia antarctica",NA,NA,NA,"Unexploited small pelagics",2016,2.045e-06,NA,"Counts per m3","Antartica continental shelf"
"MUSP81","Nansenia antarctica",NA,NA,NA,"Unexploited small pelagics",NA,NA,NA,"Counts per m3","Antartica continental shelf"
"MUSP82","Nemichthys curvirostris",NA,NA,NA,"Unexploited small pelagics",1991,3.54666666666667e-06,NA,"Counts per m3","Antartica continental shelf"
"MUSP82","Nemichthys curvirostris",NA,NA,NA,"Unexploited small pelagics",2004,1.0065e-05,NA,"Counts per m3","Antartica continental shelf"
"MUSP82","Nemichthys curvirostris",NA,NA,NA,"Unexploited small pelagics",2009,9.49e-06,NA,"Counts per m3","Antartica continental shelf"
"MUSP83","Neopagetopsis ionah",NA,NA,NA,"Unexploited small pelagics",2014,0.000228211,NA,"Counts per m3","Antartica continental shelf"
"MUSP84","Notolepis annulata",NA,NA,NA,"Unexploited small pelagics",1995,0.000338722142857143,NA,"Counts per m3","Antartica continental shelf"
"MUSP84","Notolepis annulata",NA,NA,NA,"Unexploited small pelagics",1996,0.000512978166666667,NA,"Counts per m3","Antartica continental shelf"
"MUSP84","Notolepis annulata",NA,NA,NA,"Unexploited small pelagics",1997,0.00542544666666667,NA,"Counts per m3","Antartica continental shelf"
"MUSP84","Notolepis annulata",NA,NA,NA,"Unexploited small pelagics",1998,0.024818118,NA,"Counts per m3","Antartica continental shelf"
"MUSP84","Notolepis annulata",NA,NA,NA,"Unexploited small pelagics",1999,0.0002897595,NA,"Counts per m3","Antartica continental shelf"
"MUSP84","Notolepis annulata",NA,NA,NA,"Unexploited small pelagics",2003,0.0002567025,NA,"Counts per m3","Antartica continental shelf"
"MUSP84","Notolepis annulata",NA,NA,NA,"Unexploited small pelagics",2004,0.0004136255,NA,"Counts per m3","Antartica continental shelf"
"MUSP84","Notolepis annulata",NA,NA,NA,"Unexploited small pelagics",2005,0.09717634675,NA,"Counts per m3","Antartica continental shelf"
"MUSP84","Notolepis annulata",NA,NA,NA,"Unexploited small pelagics",2006,0.0004669881,NA,"Counts per m3","Antartica continental shelf"
"MUSP84","Notolepis annulata",NA,NA,NA,"Unexploited small pelagics",2007,0.000259415333333333,NA,"Counts per m3","Antartica continental shelf"
"MUSP84","Notolepis annulata",NA,NA,NA,"Unexploited small pelagics",2008,0.000323654428571429,NA,"Counts per m3","Antartica continental shelf"
"MUSP84","Notolepis annulata",NA,NA,NA,"Unexploited small pelagics",2009,0.000212643,NA,"Counts per m3","Antartica continental shelf"
"MUSP84","Notolepis annulata",NA,NA,NA,"Unexploited small pelagics",2010,0.000377566,NA,"Counts per m3","Antartica continental shelf"
"MUSP84","Notolepis annulata",NA,NA,NA,"Unexploited small pelagics",2019,0.00048346945,NA,"Counts per m3","Antartica continental shelf"
"MUSP85","Notolepis coatsi",NA,NA,NA,"Unexploited small pelagics",1995,0.000550998735849057,NA,"Counts per m3","Antartica continental shelf"
"MUSP85","Notolepis coatsi",NA,NA,NA,"Unexploited small pelagics",1996,0.000460397593220339,NA,"Counts per m3","Antartica continental shelf"
"MUSP85","Notolepis coatsi",NA,NA,NA,"Unexploited small pelagics",1997,0.00212013238461538,NA,"Counts per m3","Antartica continental shelf"
"MUSP85","Notolepis coatsi",NA,NA,NA,"Unexploited small pelagics",1998,0.0390797464395604,NA,"Counts per m3","Antartica continental shelf"
"MUSP85","Notolepis coatsi",NA,NA,NA,"Unexploited small pelagics",1999,4.45967067669173e-05,NA,"Counts per m3","Antartica continental shelf"
"MUSP85","Notolepis coatsi",NA,NA,NA,"Unexploited small pelagics",2000,7.86448636363637e-05,NA,"Counts per m3","Antartica continental shelf"
"MUSP85","Notolepis coatsi",NA,NA,NA,"Unexploited small pelagics",2001,0.000993538666666667,NA,"Counts per m3","Antartica continental shelf"
"MUSP85","Notolepis coatsi",NA,NA,NA,"Unexploited small pelagics",2002,0.00078296375,NA,"Counts per m3","Antartica continental shelf"
"MUSP85","Notolepis coatsi",NA,NA,NA,"Unexploited small pelagics",2003,0.000499790257142857,NA,"Counts per m3","Antartica continental shelf"
"MUSP85","Notolepis coatsi",NA,NA,NA,"Unexploited small pelagics",2004,0.000451599723076923,NA,"Counts per m3","Antartica continental shelf"
"MUSP85","Notolepis coatsi",NA,NA,NA,"Unexploited small pelagics",2005,0.000480726670103093,NA,"Counts per m3","Antartica continental shelf"
"MUSP85","Notolepis coatsi",NA,NA,NA,"Unexploited small pelagics",2006,0.00060862348951049,NA,"Counts per m3","Antartica continental shelf"
"MUSP85","Notolepis coatsi",NA,NA,NA,"Unexploited small pelagics",2007,0.000857551066666667,NA,"Counts per m3","Antartica continental shelf"
"MUSP85","Notolepis coatsi",NA,NA,NA,"Unexploited small pelagics",2008,0.0006771605,NA,"Counts per m3","Antartica continental shelf"
"MUSP85","Notolepis coatsi",NA,NA,NA,"Unexploited small pelagics",2009,0.000410038428571429,NA,"Counts per m3","Antartica continental shelf"
"MUSP85","Notolepis coatsi",NA,NA,NA,"Unexploited small pelagics",2010,0.00102898233333333,NA,"Counts per m3","Antartica continental shelf"
"MUSP85","Notolepis coatsi",NA,NA,NA,"Unexploited small pelagics",2011,0.00674762836363636,NA,"Counts per m3","Antartica continental shelf"
"MUSP85","Notolepis coatsi",NA,NA,NA,"Unexploited small pelagics",2013,0.0013686114375,NA,"Counts per m3","Antartica continental shelf"
"MUSP85","Notolepis coatsi",NA,NA,NA,"Unexploited small pelagics",2014,0.00030773275,NA,"Counts per m3","Antartica continental shelf"
"MUSP85","Notolepis coatsi",NA,NA,NA,"Unexploited small pelagics",2015,0.00113908133333333,NA,"Counts per m3","Antartica continental shelf"
"MUSP85","Notolepis coatsi",NA,NA,NA,"Unexploited small pelagics",2016,9.62666666666667e-06,NA,"Counts per m3","Antartica continental shelf"
"MUSP85","Notolepis coatsi",NA,NA,NA,"Unexploited small pelagics",2019,0.0010277574,NA,"Counts per m3","Antartica continental shelf"
"MUSP85","Notolepis coatsi",NA,NA,NA,"Unexploited small pelagics",NA,NA,NA,"Counts per m3","Antartica continental shelf"
"MUSP86","Notoscopelus resplendens",NA,NA,NA,"Unexploited small pelagics",1991,2.227e-05,NA,"Counts per m3","Antartica continental shelf"
"MUSP87","Notothenia coriiceps",NA,NA,NA,"Unexploited small pelagics",1994,0.000435982,NA,"Counts per m3","Antartica continental shelf"
"MUSP87","Notothenia coriiceps",NA,NA,NA,"Unexploited small pelagics",1995,0.000255817,NA,"Counts per m3","Antartica continental shelf"
"MUSP87","Notothenia coriiceps",NA,NA,NA,"Unexploited small pelagics",1998,0.883119821444444,NA,"Counts per m3","Antartica continental shelf"
"MUSP87","Notothenia coriiceps",NA,NA,NA,"Unexploited small pelagics",1999,0.00183939,NA,"Counts per m3","Antartica continental shelf"
"MUSP87","Notothenia coriiceps",NA,NA,NA,"Unexploited small pelagics",2000,0.000305635,NA,"Counts per m3","Antartica continental shelf"
"MUSP87","Notothenia coriiceps",NA,NA,NA,"Unexploited small pelagics",2004,3.39e-06,NA,"Counts per m3","Antartica continental shelf"
"MUSP87","Notothenia coriiceps",NA,NA,NA,"Unexploited small pelagics",NA,NA,NA,"Counts per m3","Antartica continental shelf"
"MUSP88","Notothenia cyanobrancha",NA,NA,NA,"Unexploited small pelagics",1999,4.67e-06,NA,"Counts per m3","Antartica continental shelf"
"MUSP89","Notothenia neglecta",NA,NA,NA,"Unexploited small pelagics",2001,0.000197465,NA,"Counts per m3","Antartica continental shelf"
"MUSP89","Notothenia neglecta",NA,NA,NA,"Unexploited small pelagics",2008,0.000480436083333333,NA,"Counts per m3","Antartica continental shelf"
"MUSP9","Bathylagus antarcticus",NA,NA,NA,"Unexploited small pelagics",1991,0.0001035716,NA,"Counts per m3","Antartica continental shelf"
"MUSP9","Bathylagus antarcticus",NA,NA,NA,"Unexploited small pelagics",1995,0.000318756578947368,NA,"Counts per m3","Antartica continental shelf"
"MUSP9","Bathylagus antarcticus",NA,NA,NA,"Unexploited small pelagics",1996,0.00040649775,NA,"Counts per m3","Antartica continental shelf"
"MUSP9","Bathylagus antarcticus",NA,NA,NA,"Unexploited small pelagics",1997,0.000308056,NA,"Counts per m3","Antartica continental shelf"
"MUSP9","Bathylagus antarcticus",NA,NA,NA,"Unexploited small pelagics",1998,0.0007204,NA,"Counts per m3","Antartica continental shelf"
"MUSP9","Bathylagus antarcticus",NA,NA,NA,"Unexploited small pelagics",1999,0.000141524038461538,NA,"Counts per m3","Antartica continental shelf"
"MUSP9","Bathylagus antarcticus",NA,NA,NA,"Unexploited small pelagics",2002,0.0084076805,NA,"Counts per m3","Antartica continental shelf"
"MUSP9","Bathylagus antarcticus",NA,NA,NA,"Unexploited small pelagics",2003,0.00025974,NA,"Counts per m3","Antartica continental shelf"
"MUSP9","Bathylagus antarcticus",NA,NA,NA,"Unexploited small pelagics",2004,0.000146409916666667,NA,"Counts per m3","Antartica continental shelf"
"MUSP9","Bathylagus antarcticus",NA,NA,NA,"Unexploited small pelagics",2005,7.16575555555555e-05,NA,"Counts per m3","Antartica continental shelf"
"MUSP9","Bathylagus antarcticus",NA,NA,NA,"Unexploited small pelagics",2006,0.0002752676,NA,"Counts per m3","Antartica continental shelf"
"MUSP9","Bathylagus antarcticus",NA,NA,NA,"Unexploited small pelagics",2008,0.000771810934782609,NA,"Counts per m3","Antartica continental shelf"
"MUSP9","Bathylagus antarcticus",NA,NA,NA,"Unexploited small pelagics",2009,0.000260576875,NA,"Counts per m3","Antartica continental shelf"
"MUSP9","Bathylagus antarcticus",NA,NA,NA,"Unexploited small pelagics",2011,0.001096732,NA,"Counts per m3","Antartica continental shelf"
"MUSP9","Bathylagus antarcticus",NA,NA,NA,"Unexploited small pelagics",2014,0.0002350775,NA,"Counts per m3","Antartica continental shelf"
"MUSP9","Bathylagus antarcticus",NA,NA,NA,"Unexploited small pelagics",2019,0.000464738130434783,NA,"Counts per m3","Antartica continental shelf"
"MUSP9","Bathylagus antarcticus",NA,NA,NA,"Unexploited small pelagics",NA,NA,NA,"Counts per m3","Antartica continental shelf"
"MUSP90","Notothenia rossii",NA,NA,NA,"Unexploited small pelagics",1998,6.01727272727273e-06,NA,"Counts per m3","Antartica continental shelf"
"MUSP90","Notothenia rossii",NA,NA,NA,"Unexploited small pelagics",1999,5.45e-06,NA,"Counts per m3","Antartica continental shelf"
"MUSP90","Notothenia rossii",NA,NA,NA,"Unexploited small pelagics",2004,1.69e-06,NA,"Counts per m3","Antartica continental shelf"
"MUSP90","Notothenia rossii",NA,NA,NA,"Unexploited small pelagics",2009,1.28e-05,NA,"Counts per m3","Antartica continental shelf"
"MUSP90","Notothenia rossii",NA,NA,NA,"Unexploited small pelagics",NA,NA,NA,"Counts per m3","Antartica continental shelf"
"MUSP91","Nototheniops larseni",NA,NA,NA,"Unexploited small pelagics",1992,0.000556537636363636,NA,"Counts per m3","Antartica continental shelf"
"MUSP91","Nototheniops larseni",NA,NA,NA,"Unexploited small pelagics",1993,0.00127223925,NA,"Counts per m3","Antartica continental shelf"
"MUSP91","Nototheniops larseni",NA,NA,NA,"Unexploited small pelagics",1994,0.0009055275,NA,"Counts per m3","Antartica continental shelf"
"MUSP91","Nototheniops larseni",NA,NA,NA,"Unexploited small pelagics",1995,0.00228806858974359,NA,"Counts per m3","Antartica continental shelf"
"MUSP91","Nototheniops larseni",NA,NA,NA,"Unexploited small pelagics",1996,0.0014919088125,NA,"Counts per m3","Antartica continental shelf"
"MUSP91","Nototheniops larseni",NA,NA,NA,"Unexploited small pelagics",1997,0.002014890375,NA,"Counts per m3","Antartica continental shelf"
"MUSP91","Nototheniops larseni",NA,NA,NA,"Unexploited small pelagics",1998,0.00183386241463415,NA,"Counts per m3","Antartica continental shelf"
"MUSP91","Nototheniops larseni",NA,NA,NA,"Unexploited small pelagics",1999,0.000718136260869565,NA,"Counts per m3","Antartica continental shelf"
"MUSP91","Nototheniops larseni",NA,NA,NA,"Unexploited small pelagics",2000,0.00131042,NA,"Counts per m3","Antartica continental shelf"
"MUSP91","Nototheniops larseni",NA,NA,NA,"Unexploited small pelagics",2001,0.00245966626086957,NA,"Counts per m3","Antartica continental shelf"
"MUSP91","Nototheniops larseni",NA,NA,NA,"Unexploited small pelagics",2002,0.0125268352222222,NA,"Counts per m3","Antartica continental shelf"
"MUSP91","Nototheniops larseni",NA,NA,NA,"Unexploited small pelagics",2003,0.0019941906,NA,"Counts per m3","Antartica continental shelf"
"MUSP91","Nototheniops larseni",NA,NA,NA,"Unexploited small pelagics",2004,0.00129850946774194,NA,"Counts per m3","Antartica continental shelf"
"MUSP91","Nototheniops larseni",NA,NA,NA,"Unexploited small pelagics",2005,0.000736056861111111,NA,"Counts per m3","Antartica continental shelf"
"MUSP91","Nototheniops larseni",NA,NA,NA,"Unexploited small pelagics",2006,0.00142457494,NA,"Counts per m3","Antartica continental shelf"
"MUSP91","Nototheniops larseni",NA,NA,NA,"Unexploited small pelagics",2007,0.00225473404545455,NA,"Counts per m3","Antartica continental shelf"
"MUSP91","Nototheniops larseni",NA,NA,NA,"Unexploited small pelagics",2008,0.00296825384210526,NA,"Counts per m3","Antartica continental shelf"
"MUSP91","Nototheniops larseni",NA,NA,NA,"Unexploited small pelagics",2009,0.00353864133333333,NA,"Counts per m3","Antartica continental shelf"
"MUSP91","Nototheniops larseni",NA,NA,NA,"Unexploited small pelagics",2010,0.0005004205,NA,"Counts per m3","Antartica continental shelf"
"MUSP91","Nototheniops larseni",NA,NA,NA,"Unexploited small pelagics",2011,0.0107558808333333,NA,"Counts per m3","Antartica continental shelf"
"MUSP91","Nototheniops larseni",NA,NA,NA,"Unexploited small pelagics",2013,0.000897780666666667,NA,"Counts per m3","Antartica continental shelf"
"MUSP91","Nototheniops larseni",NA,NA,NA,"Unexploited small pelagics",2014,0.001448698,NA,"Counts per m3","Antartica continental shelf"
"MUSP91","Nototheniops larseni",NA,NA,NA,"Unexploited small pelagics",2015,0.00163247866666667,NA,"Counts per m3","Antartica continental shelf"
"MUSP91","Nototheniops larseni",NA,NA,NA,"Unexploited small pelagics",NA,NA,NA,"Counts per m3","Antartica continental shelf"
"MUSP92","Oneirodes notius",NA,NA,NA,"Unexploited small pelagics",2004,9.1e-06,NA,"Counts per m3","Antartica continental shelf"
"MUSP93","Pagetopsis macropterus",NA,NA,NA,"Unexploited small pelagics",1995,0.000316993,NA,"Counts per m3","Antartica continental shelf"
"MUSP94","Pagetopsis maculatus",NA,NA,NA,"Unexploited small pelagics",1996,0.000136714,NA,"Counts per m3","Antartica continental shelf"
"MUSP94","Pagetopsis maculatus",NA,NA,NA,"Unexploited small pelagics",2006,6.436025e-05,NA,"Counts per m3","Antartica continental shelf"
"MUSP94","Pagetopsis maculatus",NA,NA,NA,"Unexploited small pelagics",2011,0.000501308,NA,"Counts per m3","Antartica continental shelf"
"MUSP95","Pagothenia brachysoma",NA,NA,NA,"Unexploited small pelagics",1998,0.0229109951666667,NA,"Counts per m3","Antartica continental shelf"
"MUSP96","Parachaenichthys charcoti",NA,NA,NA,"Unexploited small pelagics",2002,0.000331304,NA,"Counts per m3","Antartica continental shelf"
"MUSP96","Parachaenichthys charcoti",NA,NA,NA,"Unexploited small pelagics",2008,0.000506142,NA,"Counts per m3","Antartica continental shelf"
"MUSP96","Parachaenichthys charcoti",NA,NA,NA,"Unexploited small pelagics",2011,0.010870113,NA,"Counts per m3","Antartica continental shelf"
"MUSP96","Parachaenichthys charcoti",NA,NA,NA,"Unexploited small pelagics",2012,0.001809678,NA,"Counts per m3","Antartica continental shelf"
"MUSP96","Parachaenichthys charcoti",NA,NA,NA,"Unexploited small pelagics",2013,0.000810874,NA,"Counts per m3","Antartica continental shelf"
"MUSP96","Parachaenichthys charcoti",NA,NA,NA,"Unexploited small pelagics",2014,0.000565973125,NA,"Counts per m3","Antartica continental shelf"
"MUSP97","Paradiplospinus gracilis",NA,NA,NA,"Unexploited small pelagics",1991,4.57285714285714e-06,NA,"Counts per m3","Antartica continental shelf"
"MUSP97","Paradiplospinus gracilis",NA,NA,NA,"Unexploited small pelagics",1998,1.02332467532468e-05,NA,"Counts per m3","Antartica continental shelf"
"MUSP97","Paradiplospinus gracilis",NA,NA,NA,"Unexploited small pelagics",1999,1.05505384615385e-05,NA,"Counts per m3","Antartica continental shelf"
"MUSP97","Paradiplospinus gracilis",NA,NA,NA,"Unexploited small pelagics",2000,2.80638676470588e-05,NA,"Counts per m3","Antartica continental shelf"
"MUSP97","Paradiplospinus gracilis",NA,NA,NA,"Unexploited small pelagics",2004,1.81673333333333e-05,NA,"Counts per m3","Antartica continental shelf"
"MUSP97","Paradiplospinus gracilis",NA,NA,NA,"Unexploited small pelagics",2006,1.252e-05,NA,"Counts per m3","Antartica continental shelf"
"MUSP97","Paradiplospinus gracilis",NA,NA,NA,"Unexploited small pelagics",2008,9.79333333333333e-06,NA,"Counts per m3","Antartica continental shelf"
"MUSP97","Paradiplospinus gracilis",NA,NA,NA,"Unexploited small pelagics",2009,1.86855555555556e-05,NA,"Counts per m3","Antartica continental shelf"
"MUSP97","Paradiplospinus gracilis",NA,NA,NA,"Unexploited small pelagics",2016,3.86e-06,NA,"Counts per m3","Antartica continental shelf"
"MUSP97","Paradiplospinus gracilis",NA,NA,NA,"Unexploited small pelagics",NA,NA,NA,"Counts per m3","Antartica continental shelf"
"MUSP98","Paraliparis neelovi",NA,NA,NA,"Unexploited small pelagics",1999,5.195e-06,NA,"Counts per m3","Antartica continental shelf"
"MUSP99","Paraliparis obliquosus",NA,NA,NA,"Unexploited small pelagics",1999,4.67e-06,NA,"Counts per m3","Antartica continental shelf"
