"source","region","category","year","mean","lower_ci_80","higher_ci_80","lower_ci_95","higher_ci_95"
"Souter et al. 2021","Global","Hard coral",1978,32.34,27.78,36.98,24.26,38.73
"Souter et al. 2021","Global","Hard coral",1979,32.3,27.62,36.46,24.61,41.27
"Souter et al. 2021","Global","Hard coral",1983,32.39,28.12,36.32,26.11,39.77
"Souter et al. 2021","Global","Hard coral",1984,32.32,27.37,36.23,25.27,39.12
"Souter et al. 2021","Global","Hard coral",1985,32.36,27.86,36.26,25.14,38.54
"Souter et al. 2021","Global","Hard coral",1986,32.2,27.62,35.89,25.4,38.19
"Souter et al. 2021","Global","Hard coral",1987,32.12,28.19,35.39,25.76,38.06
"Souter et al. 2021","Global","Hard coral",1988,32.11,27.26,34.53,27.19,37.81
"Souter et al. 2021","Global","Hard coral",1989,32.15,28.22,35.24,26.72,37.73
"Souter et al. 2021","Global","Hard coral",1990,32.28,29,36.22,27.23,37.84
"Souter et al. 2021","Global","Hard coral",1991,32.44,28.81,35.32,27.28,37.6
"Souter et al. 2021","Global","Hard coral",1992,32.41,29.21,35.37,27.9,37.45
"Souter et al. 2021","Global","Hard coral",1993,32.5,29.7,35.38,27.61,36.72
"Souter et al. 2021","Global","Hard coral",1994,32.54,29.95,35.63,27.95,36.5
"Souter et al. 2021","Global","Hard coral",1995,32.47,30.42,35.05,28.33,35.77
"Souter et al. 2021","Global","Hard coral",1996,32.47,30.35,34.3,28.67,35.79
"Souter et al. 2021","Global","Hard coral",1997,32.5,30.85,34.4,29.51,35.09
"Souter et al. 2021","Global","Hard coral",1998,31.72,30.12,33.44,28.83,34
"Souter et al. 2021","Global","Hard coral",1999,30.6,29.08,32.34,28.28,33.49
"Souter et al. 2021","Global","Hard coral",2000,30.29,28.56,31.45,27.85,32.76
"Souter et al. 2021","Global","Hard coral",2001,30.05,28.84,31.57,27.98,32.37
"Souter et al. 2021","Global","Hard coral",2002,29.98,28.58,31.08,27.55,31.73
"Souter et al. 2021","Global","Hard coral",2003,30.33,28.86,31.32,28.46,32.53
"Souter et al. 2021","Global","Hard coral",2004,30.51,29.17,31.53,28.51,32.63
"Souter et al. 2021","Global","Hard coral",2005,31.13,29.67,32.11,29.29,33.08
"Souter et al. 2021","Global","Hard coral",2006,31.62,30.07,32.7,29.81,33.86
"Souter et al. 2021","Global","Hard coral",2007,32.33,31.04,33.34,30.61,34.38
"Souter et al. 2021","Global","Hard coral",2008,32.64,31.54,33.69,30.75,34.22
"Souter et al. 2021","Global","Hard coral",2009,33.3,32.32,34.37,31.68,35
"Souter et al. 2021","Global","Hard coral",2010,32.62,31.7,33.76,30.98,34.16
"Souter et al. 2021","Global","Hard coral",2011,31.71,30.8,32.66,30.17,33.17
"Souter et al. 2021","Global","Hard coral",2012,31.4,30.22,32.45,29.58,33
"Souter et al. 2021","Global","Hard coral",2013,31.51,30.46,32.68,29.66,33.4
"Souter et al. 2021","Global","Hard coral",2014,30.95,29.65,31.95,28.9,33.27
"Souter et al. 2021","Global","Hard coral",2015,31.02,29.83,32.41,28.51,33.27
"Souter et al. 2021","Global","Hard coral",2016,30.08,28.69,31.35,28.13,32.17
"Souter et al. 2021","Global","Hard coral",2017,28.99,27.77,30.4,27.05,31.26
"Souter et al. 2021","Global","Hard coral",2018,28.8,27.37,30.15,26.88,31.3
"Souter et al. 2021","Global","Hard coral",2019,29.52,27.72,30.64,27.16,32
"Souter et al. 2021","Australia","Hard coral",1978,35.17,21.07,47.7,16.92,57.67
"Souter et al. 2021","Australia","Hard coral",1979,35.39,20.55,46.24,18.7,59.07
"Souter et al. 2021","Australia","Hard coral",1983,35.32,21.38,46.06,17.17,55.5
"Souter et al. 2021","Australia","Hard coral",1984,35.44,23.58,48.34,14.07,53.2
"Souter et al. 2021","Australia","Hard coral",1985,35.41,23.53,46.36,18.8,56.08
"Souter et al. 2021","Australia","Hard coral",1986,35.46,25.76,47.68,17.62,52.81
"Souter et al. 2021","Australia","Hard coral",1987,35.49,24.78,44.05,19.81,54.4
"Souter et al. 2021","Australia","Hard coral",1988,35.37,25.24,44.07,19.89,50.8
"Souter et al. 2021","Australia","Hard coral",1989,35.12,27.24,44.35,18.74,48.77
"Souter et al. 2021","Australia","Hard coral",1990,35.2,26.52,41.83,22.62,49.62
"Souter et al. 2021","Australia","Hard coral",1991,35.39,28.14,43.55,23.91,49.7
"Souter et al. 2021","Australia","Hard coral",1992,35.41,27.96,41.56,24.99,48.73
"Souter et al. 2021","Australia","Hard coral",1993,35.45,27.6,40.89,24.06,46.69
"Souter et al. 2021","Australia","Hard coral",1994,35.24,29.17,40.39,25.39,45.34
"Souter et al. 2021","Australia","Hard coral",1995,35.2,30.03,39.56,26.08,42.67
"Souter et al. 2021","Australia","Hard coral",1996,34.85,31.8,37.94,26.04,40.38
"Souter et al. 2021","Australia","Hard coral",1997,34.5,31.33,36.97,28.39,40.54
"Souter et al. 2021","Australia","Hard coral",1998,34.71,31.92,37.03,29.14,39.43
"Souter et al. 2021","Australia","Hard coral",1999,34.48,31.19,36.28,27.82,38.37
"Souter et al. 2021","Australia","Hard coral",2000,32.82,30.18,34.94,26.33,37.39
"Souter et al. 2021","Australia","Hard coral",2001,32.21,29.41,33.89,26.77,36.27
"Souter et al. 2021","Australia","Hard coral",2002,30.86,27.61,32.91,26.15,34.88
"Souter et al. 2021","Australia","Hard coral",2003,30.63,27.72,32.29,26.15,34.61
"Souter et al. 2021","Australia","Hard coral",2004,31.31,28.57,33.14,26.02,35.16
"Souter et al. 2021","Australia","Hard coral",2005,32.74,30.06,34.8,27.72,37.54
"Souter et al. 2021","Australia","Hard coral",2006,33.7,31.19,36.31,28.76,37.7
"Souter et al. 2021","Australia","Hard coral",2007,35.35,33.05,37.83,30.49,38.93
"Souter et al. 2021","Australia","Hard coral",2008,34.56,32.19,36.79,30.29,38.48
"Souter et al. 2021","Australia","Hard coral",2009,33.55,31.44,35.99,29.08,36.92
"Souter et al. 2021","Australia","Hard coral",2010,32.58,30.16,34.8,29.08,36.55
"Souter et al. 2021","Australia","Hard coral",2011,30.47,28.33,33.19,26.66,33.75
"Souter et al. 2021","Australia","Hard coral",2012,29.52,27.27,31.23,25.92,32.59
"Souter et al. 2021","Australia","Hard coral",2013,30.02,28.43,32.23,27.41,32.98
"Souter et al. 2021","Australia","Hard coral",2014,27.42,25.27,29.57,23.95,30.48
"Souter et al. 2021","Australia","Hard coral",2015,29.22,27.53,30.92,26.56,31.44
"Souter et al. 2021","Australia","Hard coral",2016,30.9,29.26,33.33,28.08,34.03
"Souter et al. 2021","Australia","Hard coral",2017,28.04,26.05,29.7,25.25,31.13
"Souter et al. 2021","Australia","Hard coral",2018,25.71,23.71,27.84,22.73,28.85
"Souter et al. 2021","Australia","Hard coral",2019,26.05,23.81,27.57,23.06,29.03
"Souter et al. 2021","Brazil","Hard coral",1978,24.88,3.54,40.85,2.34,66.03
"Souter et al. 2021","Brazil","Hard coral",1979,20.39,3.09,31.56,0.38,49.82
"Souter et al. 2021","Brazil","Hard coral",1983,21.83,2.49,33.52,0.83,57.32
"Souter et al. 2021","Brazil","Hard coral",1984,21.68,2.73,31.28,1.54,58.61
"Souter et al. 2021","Brazil","Hard coral",1985,22.85,2.74,35.38,1.04,54.04
"Souter et al. 2021","Brazil","Hard coral",1986,21.16,5.23,30.35,3.77,48.73
"Souter et al. 2021","Brazil","Hard coral",1987,20.54,5.34,30.72,3.35,43.29
"Souter et al. 2021","Brazil","Hard coral",1988,22.02,3.95,33.57,1.88,49.04
"Souter et al. 2021","Brazil","Hard coral",1989,22.65,5.32,33.4,2.43,46.79
"Souter et al. 2021","Brazil","Hard coral",1990,22.43,3.97,30.92,3.97,49.54
"Souter et al. 2021","Brazil","Hard coral",1991,21.43,8.73,32.82,4,44.6
"Souter et al. 2021","Brazil","Hard coral",1992,21.1,9.33,33.11,5.26,45.92
"Souter et al. 2021","Brazil","Hard coral",1993,20.73,6.11,29.38,3.59,43.24
"Souter et al. 2021","Brazil","Hard coral",1994,19.93,7.51,29.71,4.48,35.62
"Souter et al. 2021","Brazil","Hard coral",1995,19.87,7.3,28.48,3.51,38.45
"Souter et al. 2021","Brazil","Hard coral",1996,20.36,9.38,30.7,4.59,37.38
"Souter et al. 2021","Brazil","Hard coral",1997,19.93,6.55,25.53,6.55,38.21
"Souter et al. 2021","Brazil","Hard coral",1998,20.64,10.7,29.24,7.7,36.49
"Souter et al. 2021","Brazil","Hard coral",1999,19.4,12.39,27.61,7.13,30.94
"Souter et al. 2021","Brazil","Hard coral",2000,19.39,12.21,24.5,10.35,28.82
"Souter et al. 2021","Brazil","Hard coral",2001,19.23,13.93,23.85,11.58,26.14
"Souter et al. 2021","Brazil","Hard coral",2002,19.07,16.65,21.94,13.72,22.38
"Souter et al. 2021","Brazil","Hard coral",2003,18.73,14.13,22.04,11.72,24.14
"Souter et al. 2021","Brazil","Hard coral",2004,17.01,12.6,21.11,10.52,23.25
"Souter et al. 2021","Brazil","Hard coral",2005,16.34,14.04,18.87,12.06,19.81
"Souter et al. 2021","Brazil","Hard coral",2006,17.07,13.01,19.86,11.82,22.65
"Souter et al. 2021","Brazil","Hard coral",2007,22.23,19.19,24.75,18.26,26.23
"Souter et al. 2021","Brazil","Hard coral",2008,18.92,16.26,21.42,14.06,23.26
"Souter et al. 2021","Brazil","Hard coral",2009,22.03,18.52,24.71,17.05,26.31
"Souter et al. 2021","Brazil","Hard coral",2010,22.99,18.01,26.58,16.63,29.66
"Souter et al. 2021","Brazil","Hard coral",2011,24.33,20.82,27.83,18.41,29.28
"Souter et al. 2021","Brazil","Hard coral",2012,24.06,20.32,27.09,18.77,28.99
"Souter et al. 2021","Brazil","Hard coral",2013,23.09,19.27,25.76,17.3,27.87
"Souter et al. 2021","Brazil","Hard coral",2014,24.72,19.92,30.25,16.22,32.24
"Souter et al. 2021","Brazil","Hard coral",2015,27.04,21.49,31.8,19.83,35.74
"Souter et al. 2021","Brazil","Hard coral",2016,28.89,24.35,32.29,22.69,34.23
"Souter et al. 2021","Brazil","Hard coral",2017,24.89,19,28.5,18.37,33.33
"Souter et al. 2021","Brazil","Hard coral",2018,20.73,17.86,23.67,15.49,25
"Souter et al. 2021","Brazil","Hard coral",2019,20.59,15.44,25.22,12.59,27.85
"Souter et al. 2021","Caribbean","Hard coral",1978,18.08,12.5,23,8.62,25.65
"Souter et al. 2021","Caribbean","Hard coral",1979,18.08,12.11,22.13,10.5,26.81
"Souter et al. 2021","Caribbean","Hard coral",1983,18.04,12.54,22.55,10.84,26.7
"Souter et al. 2021","Caribbean","Hard coral",1984,18.02,12.86,23.03,10.72,26.48
"Souter et al. 2021","Caribbean","Hard coral",1985,17.98,13.47,22.91,10.33,25.31
"Souter et al. 2021","Caribbean","Hard coral",1986,17.95,13.29,22.4,10.38,24.82
"Souter et al. 2021","Caribbean","Hard coral",1987,17.87,13.06,21.97,10.66,24.62
"Souter et al. 2021","Caribbean","Hard coral",1988,17.85,13.83,22.14,11.83,24.41
"Souter et al. 2021","Caribbean","Hard coral",1989,17.83,14.3,21.52,11.85,24.15
"Souter et al. 2021","Caribbean","Hard coral",1990,17.76,14.26,21.23,11.24,23.08
"Souter et al. 2021","Caribbean","Hard coral",1991,17.7,14.24,20.67,12.59,23.31
"Souter et al. 2021","Caribbean","Hard coral",1992,17.53,14.36,20.45,12.85,22.6
"Souter et al. 2021","Caribbean","Hard coral",1993,17.45,14.26,20.41,11.93,21.74
"Souter et al. 2021","Caribbean","Hard coral",1994,17.42,14.6,20.1,13.13,21.94
"Souter et al. 2021","Caribbean","Hard coral",1995,17.54,14.79,19.51,13.19,21.84
"Souter et al. 2021","Caribbean","Hard coral",1996,17.53,15.49,19.86,14.18,21.06
"Souter et al. 2021","Caribbean","Hard coral",1997,17.6,15.93,19.5,14.94,20.39
"Souter et al. 2021","Caribbean","Hard coral",1998,17.08,15.42,18.27,15.12,19.72
"Souter et al. 2021","Caribbean","Hard coral",1999,16.47,15.22,17.66,14.8,18.51
"Souter et al. 2021","Caribbean","Hard coral",2000,16.39,15.12,17.49,14.61,18.19
"Souter et al. 2021","Caribbean","Hard coral",2001,16.75,15.41,18.16,14.56,18.89
"Souter et al. 2021","Caribbean","Hard coral",2002,17.06,15.47,18.63,14.82,19.38
"Souter et al. 2021","Caribbean","Hard coral",2003,16.52,15.25,17.38,15.09,18.16
"Souter et al. 2021","Caribbean","Hard coral",2004,15.82,14.91,17.03,14.14,17.23
"Souter et al. 2021","Caribbean","Hard coral",2005,15.23,14.39,16.27,13.76,16.66
"Souter et al. 2021","Caribbean","Hard coral",2006,14.36,13.44,15.21,13.13,15.73
"Souter et al. 2021","Caribbean","Hard coral",2007,14.11,13.27,14.95,12.96,15.36
"Souter et al. 2021","Caribbean","Hard coral",2008,14.24,13.38,14.93,13.05,15.41
"Souter et al. 2021","Caribbean","Hard coral",2009,14.55,13.69,15.26,13.39,15.82
"Souter et al. 2021","Caribbean","Hard coral",2010,14.72,13.94,15.53,13.54,15.74
"Souter et al. 2021","Caribbean","Hard coral",2011,14.65,13.87,15.37,13.53,15.72
"Souter et al. 2021","Caribbean","Hard coral",2012,15.3,14.41,16.01,14.08,16.54
"Souter et al. 2021","Caribbean","Hard coral",2013,15.68,14.84,16.47,14.48,17.02
"Souter et al. 2021","Caribbean","Hard coral",2014,16.15,15.05,16.96,14.8,17.61
"Souter et al. 2021","Caribbean","Hard coral",2015,16.44,15.42,17.35,15,18.02
"Souter et al. 2021","Caribbean","Hard coral",2016,16.53,15.59,17.28,15.33,17.92
"Souter et al. 2021","Caribbean","Hard coral",2017,15.99,15.11,16.68,14.62,17.21
"Souter et al. 2021","Caribbean","Hard coral",2018,15.44,14.58,16.35,13.96,16.9
"Souter et al. 2021","Caribbean","Hard coral",2019,15.9,15,17.17,14.36,17.43
"Souter et al. 2021","East Asia","Hard coral",1978,32.66,23.18,40.14,18.94,44.73
"Souter et al. 2021","East Asia","Hard coral",1979,32.5,23.74,40.49,17.39,43.99
"Souter et al. 2021","East Asia","Hard coral",1983,32.79,24.74,40.01,21.68,46.4
"Souter et al. 2021","East Asia","Hard coral",1984,32.48,25.48,40.96,21.7,46.18
"Souter et al. 2021","East Asia","Hard coral",1985,32.48,26.05,39.91,22.22,45.69
"Souter et al. 2021","East Asia","Hard coral",1986,31.89,24.88,37.68,22.6,42.94
"Souter et al. 2021","East Asia","Hard coral",1987,31.53,25.37,37.51,21.67,40.88
"Souter et al. 2021","East Asia","Hard coral",1988,31.46,25.33,37.9,22.18,39.99
"Souter et al. 2021","East Asia","Hard coral",1989,31.77,24.91,36.45,21.64,39.76
"Souter et al. 2021","East Asia","Hard coral",1990,32.07,26.98,37.67,24.98,41.24
"Souter et al. 2021","East Asia","Hard coral",1991,32.41,27.52,37.79,25.02,40.35
"Souter et al. 2021","East Asia","Hard coral",1992,32.57,27.52,37.22,24.53,40.38
"Souter et al. 2021","East Asia","Hard coral",1993,32.98,27.59,36.86,25.97,41.82
"Souter et al. 2021","East Asia","Hard coral",1994,33.32,28.79,37.99,26.51,41.01
"Souter et al. 2021","East Asia","Hard coral",1995,33.07,29.4,36.82,27.54,39.69
"Souter et al. 2021","East Asia","Hard coral",1996,33.34,29.42,35.79,29.18,40.41
"Souter et al. 2021","East Asia","Hard coral",1997,33.22,30.36,36.11,29.02,37.42
"Souter et al. 2021","East Asia","Hard coral",1998,33.74,31,36.74,28.32,38.62
"Souter et al. 2021","East Asia","Hard coral",1999,32.91,29.98,35.69,28.37,37.8
"Souter et al. 2021","East Asia","Hard coral",2000,33.43,30.85,36.17,29.44,37.53
"Souter et al. 2021","East Asia","Hard coral",2001,33.5,30.6,35.56,29.82,37.37
"Souter et al. 2021","East Asia","Hard coral",2002,34.79,31.65,37.42,30.41,40.61
"Souter et al. 2021","East Asia","Hard coral",2003,35.56,33.17,38.54,30.98,40.07
"Souter et al. 2021","East Asia","Hard coral",2004,35.21,32.17,37.54,30.21,40.39
"Souter et al. 2021","East Asia","Hard coral",2005,36.2,33.78,39.63,32.36,41.38
"Souter et al. 2021","East Asia","Hard coral",2006,36.57,33.73,39.6,32.07,41.52
"Souter et al. 2021","East Asia","Hard coral",2007,37.46,34.58,40.15,32.28,41.58
"Souter et al. 2021","East Asia","Hard coral",2008,38.26,35.84,40.9,33.76,43.12
"Souter et al. 2021","East Asia","Hard coral",2009,40.84,38.53,43.55,36.53,44.67
"Souter et al. 2021","East Asia","Hard coral",2010,37.34,35.1,39.83,34.01,40.95
"Souter et al. 2021","East Asia","Hard coral",2011,35.5,32.94,37.45,31.85,39.11
"Souter et al. 2021","East Asia","Hard coral",2012,35,32.55,37.5,31.36,39.45
"Souter et al. 2021","East Asia","Hard coral",2013,35.35,33.21,37.79,31.73,38.49
"Souter et al. 2021","East Asia","Hard coral",2014,35.51,33.36,38.03,30.83,39.24
"Souter et al. 2021","East Asia","Hard coral",2015,35.78,33.57,38.03,31.58,39.55
"Souter et al. 2021","East Asia","Hard coral",2016,35.03,32.94,37.63,30.79,39
"Souter et al. 2021","East Asia","Hard coral",2017,33.88,32.03,36.42,30.45,37.42
"Souter et al. 2021","East Asia","Hard coral",2018,35.17,33.09,37.32,32.04,38.78
"Souter et al. 2021","East Asia","Hard coral",2019,36.79,33.6,39.57,32.59,42.37
"Souter et al. 2021","ETP","Hard coral",1978,36.52,10.66,52.54,5,69.8
"Souter et al. 2021","ETP","Hard coral",1979,36.87,11.87,54.79,5.36,69.28
"Souter et al. 2021","ETP","Hard coral",1983,36.91,8.92,51.54,6.97,74.44
"Souter et al. 2021","ETP","Hard coral",1984,36.87,12.81,54.05,3.94,65.71
"Souter et al. 2021","ETP","Hard coral",1985,37.16,11.18,51.61,6.37,73.66
"Souter et al. 2021","ETP","Hard coral",1986,36.39,11.67,52.55,7.94,68.57
"Souter et al. 2021","ETP","Hard coral",1987,36.08,15.37,53.13,7.24,67.47
"Souter et al. 2021","ETP","Hard coral",1988,36.44,13.67,52.65,10.32,71.59
"Souter et al. 2021","ETP","Hard coral",1989,35.73,16.97,54.27,5.91,69.34
"Souter et al. 2021","ETP","Hard coral",1990,35.59,17.89,55.29,7.13,64.89
"Souter et al. 2021","ETP","Hard coral",1991,36.01,13.55,50.56,11.18,66.77
"Souter et al. 2021","ETP","Hard coral",1992,36.09,15.79,50.92,10.26,65.71
"Souter et al. 2021","ETP","Hard coral",1993,35.58,18.29,51.85,9.06,62.54
"Souter et al. 2021","ETP","Hard coral",1994,35.5,18.98,51.66,10.47,63.08
"Souter et al. 2021","ETP","Hard coral",1995,35.1,19.29,50.99,11.13,63.52
"Souter et al. 2021","ETP","Hard coral",1996,35.48,20.49,53.04,12.6,60.41
"Souter et al. 2021","ETP","Hard coral",1997,35.06,18.31,47.53,14.69,61.19
"Souter et al. 2021","ETP","Hard coral",1998,34.64,20.15,47.44,11.47,57.8
"Souter et al. 2021","ETP","Hard coral",1999,34.01,20.49,47.15,12,59.35
"Souter et al. 2021","ETP","Hard coral",2000,34.93,20.07,45.12,10.78,54.78
"Souter et al. 2021","ETP","Hard coral",2001,33.84,20.78,46.25,15.94,58.86
"Souter et al. 2021","ETP","Hard coral",2002,32.29,18.27,43.54,12.72,55.26
"Souter et al. 2021","ETP","Hard coral",2003,31.25,17.62,41.3,11.86,50.85
"Souter et al. 2021","ETP","Hard coral",2004,31.23,17.8,40.36,15.76,52.12
"Souter et al. 2021","ETP","Hard coral",2005,29.24,17.04,37.59,13.95,48.62
"Souter et al. 2021","ETP","Hard coral",2006,28.23,16.38,35.55,12.31,43.38
"Souter et al. 2021","ETP","Hard coral",2007,27.77,16.75,35.29,12.83,42.31
"Souter et al. 2021","ETP","Hard coral",2008,26.5,16.18,33.42,11.42,42.27
"Souter et al. 2021","ETP","Hard coral",2009,25.42,16.19,33.05,12.36,38.94
"Souter et al. 2021","ETP","Hard coral",2010,28.02,16.65,35.06,13.91,41.38
"Souter et al. 2021","ETP","Hard coral",2011,27.12,18.31,33.72,15.42,39.31
"Souter et al. 2021","ETP","Hard coral",2012,26.44,18.49,33.46,15.18,39.45
"Souter et al. 2021","ETP","Hard coral",2013,25.73,18.27,31.71,15.54,36.39
"Souter et al. 2021","ETP","Hard coral",2014,24.06,17,28.28,15.66,34.18
"Souter et al. 2021","ETP","Hard coral",2015,23.35,17.77,29.25,12.83,32.57
"Souter et al. 2021","ETP","Hard coral",2016,22.36,17.11,28.08,15.67,31.39
"Souter et al. 2021","ETP","Hard coral",2017,22.81,17.68,28.8,13.5,31.2
"Souter et al. 2021","ETP","Hard coral",2018,23.16,15.62,28.71,13.26,32.7
"Souter et al. 2021","ETP","Hard coral",2019,22.83,15.72,30,13.04,35.52
"Souter et al. 2021","Pacific","Hard coral",1978,37.43,25.83,46.53,22.28,54.45
"Souter et al. 2021","Pacific","Hard coral",1979,37.03,25.87,45.13,19.92,50.55
"Souter et al. 2021","Pacific","Hard coral",1983,37.27,28.88,46.84,18.59,50.4
"Souter et al. 2021","Pacific","Hard coral",1984,37.49,28.32,47.13,19.4,50.84
"Souter et al. 2021","Pacific","Hard coral",1985,37.7,28.83,47.77,20.84,51.35
"Souter et al. 2021","Pacific","Hard coral",1986,37.59,28.21,46.36,23.41,50.74
"Souter et al. 2021","Pacific","Hard coral",1987,37.6,26.83,44.64,21.88,50.6
"Souter et al. 2021","Pacific","Hard coral",1988,37.56,30.06,46.15,22.75,48.54
"Souter et al. 2021","Pacific","Hard coral",1989,37.5,28.97,46.38,25.87,53.23
"Souter et al. 2021","Pacific","Hard coral",1990,37.52,28.79,45.23,25.49,53.69
"Souter et al. 2021","Pacific","Hard coral",1991,37.7,29.77,45.49,23.87,49.78
"Souter et al. 2021","Pacific","Hard coral",1992,37.31,30.54,44.94,25.69,51.12
"Souter et al. 2021","Pacific","Hard coral",1993,37.19,30.83,44.23,27.87,51.52
"Souter et al. 2021","Pacific","Hard coral",1994,37.04,29.4,43.35,24.73,46.56
"Souter et al. 2021","Pacific","Hard coral",1995,37.18,31.1,43.8,28.73,50.29
"Souter et al. 2021","Pacific","Hard coral",1996,36.97,31.79,43.57,27.15,46.86
"Souter et al. 2021","Pacific","Hard coral",1997,37.08,31.51,42.33,28.94,46.05
"Souter et al. 2021","Pacific","Hard coral",1998,37.56,32.44,42.51,29.48,46.26
"Souter et al. 2021","Pacific","Hard coral",1999,37.57,33.44,43.11,30.03,45.58
"Souter et al. 2021","Pacific","Hard coral",2000,36.91,32.29,40.77,30.63,44.45
"Souter et al. 2021","Pacific","Hard coral",2001,35.3,31.07,38.64,28.69,42.53
"Souter et al. 2021","Pacific","Hard coral",2002,35.4,32.33,39.14,30.13,40.44
"Souter et al. 2021","Pacific","Hard coral",2003,35.17,31.85,37.76,29.17,39.47
"Souter et al. 2021","Pacific","Hard coral",2004,34.85,31.91,36.93,30.5,39.97
"Souter et al. 2021","Pacific","Hard coral",2005,34.78,31.88,37.06,30.28,38.98
"Souter et al. 2021","Pacific","Hard coral",2006,35.59,33,38.37,31.51,40.74
"Souter et al. 2021","Pacific","Hard coral",2007,35.16,32.48,37.42,31.17,39.65
"Souter et al. 2021","Pacific","Hard coral",2008,34.64,32.31,37.22,30.73,38.65
"Souter et al. 2021","Pacific","Hard coral",2009,34.37,32.49,37,31.31,38.04
"Souter et al. 2021","Pacific","Hard coral",2010,35.73,33.37,37.25,32.58,39.64
"Souter et al. 2021","Pacific","Hard coral",2011,36.07,34.18,38.14,33.27,39.18
"Souter et al. 2021","Pacific","Hard coral",2012,35.08,32.51,37.86,30.66,39.68
"Souter et al. 2021","Pacific","Hard coral",2013,34.9,31.82,38.18,30.02,40.8
"Souter et al. 2021","Pacific","Hard coral",2014,34.52,31.46,38.05,29.26,40.47
"Souter et al. 2021","Pacific","Hard coral",2015,33.02,29.71,36.89,26.09,40.39
"Souter et al. 2021","Pacific","Hard coral",2016,31.13,26.86,34.4,25.7,38.91
"Souter et al. 2021","Pacific","Hard coral",2017,30.29,26.89,34.38,24.8,37.04
"Souter et al. 2021","Pacific","Hard coral",2018,30.6,26.48,34.15,24.43,38.6
"Souter et al. 2021","Pacific","Hard coral",2019,31.35,27.79,35.71,24.78,39.63
"Souter et al. 2021","PERSGA","Hard coral",1978,36.74,23.64,51.93,13.02,62.35
"Souter et al. 2021","PERSGA","Hard coral",1979,36.75,23.51,51.77,15.68,62.59
"Souter et al. 2021","PERSGA","Hard coral",1983,36.8,22.8,50.63,19.18,64.41
"Souter et al. 2021","PERSGA","Hard coral",1984,36.5,21.46,47.68,16.08,62.66
"Souter et al. 2021","PERSGA","Hard coral",1985,36.66,25.09,50.89,17.72,63.92
"Souter et al. 2021","PERSGA","Hard coral",1986,36.69,23.13,48.49,21.19,63.6
"Souter et al. 2021","PERSGA","Hard coral",1987,36.68,23.66,48.78,19.21,58.64
"Souter et al. 2021","PERSGA","Hard coral",1988,36.77,24.62,47.76,19.63,60.3
"Souter et al. 2021","PERSGA","Hard coral",1989,36.61,23.65,46.36,19.69,58.77
"Souter et al. 2021","PERSGA","Hard coral",1990,36.78,24.58,47.1,17.65,56.65
"Souter et al. 2021","PERSGA","Hard coral",1991,36.34,26.2,47.66,22.12,59.08
"Souter et al. 2021","PERSGA","Hard coral",1992,36.56,26.1,46.07,18,52.82
"Souter et al. 2021","PERSGA","Hard coral",1993,36.59,26.46,44.55,22.35,52.48
"Souter et al. 2021","PERSGA","Hard coral",1994,36.55,26.94,43.68,22.61,51.56
"Souter et al. 2021","PERSGA","Hard coral",1995,36.34,28.2,42.76,23.15,49.86
"Souter et al. 2021","PERSGA","Hard coral",1996,36.26,28.89,41.62,24.56,48.41
"Souter et al. 2021","PERSGA","Hard coral",1997,36.14,29.54,40.61,27.65,45.73
"Souter et al. 2021","PERSGA","Hard coral",1998,35.27,29.93,39.75,26.04,42.52
"Souter et al. 2021","PERSGA","Hard coral",1999,34.07,28.4,37.18,26.11,40.24
"Souter et al. 2021","PERSGA","Hard coral",2000,32.74,29.06,36.14,27.89,39.33
"Souter et al. 2021","PERSGA","Hard coral",2001,33.21,29.99,36.65,28.19,38.69
"Souter et al. 2021","PERSGA","Hard coral",2002,32.31,29.53,35.67,28.05,37.43
"Souter et al. 2021","PERSGA","Hard coral",2003,33.51,29.61,36.36,26.71,39.33
"Souter et al. 2021","PERSGA","Hard coral",2004,33.67,29.56,37.51,27,40.81
"Souter et al. 2021","PERSGA","Hard coral",2005,34.7,30.35,39,28.91,43.69
"Souter et al. 2021","PERSGA","Hard coral",2006,34.52,29.66,38.42,27.73,42.37
"Souter et al. 2021","PERSGA","Hard coral",2007,34.7,30.06,38,28.57,41.6
"Souter et al. 2021","PERSGA","Hard coral",2008,35.28,32.52,38.53,31.04,41.06
"Souter et al. 2021","PERSGA","Hard coral",2009,34.87,31.95,38.08,30.11,40.31
"Souter et al. 2021","PERSGA","Hard coral",2010,33.94,30.99,38,27.04,41.7
"Souter et al. 2021","PERSGA","Hard coral",2011,33.57,29.73,37.33,26.89,41.44
"Souter et al. 2021","PERSGA","Hard coral",2012,33.12,28.32,37.34,25.05,40.53
"Souter et al. 2021","PERSGA","Hard coral",2013,32.67,28.51,36.9,23.68,39.96
"Souter et al. 2021","PERSGA","Hard coral",2014,32.48,29.32,35.61,25.66,37.49
"Souter et al. 2021","PERSGA","Hard coral",2015,31.72,27.92,35.2,25.48,39.12
"Souter et al. 2021","PERSGA","Hard coral",2016,30.9,27.32,34.96,25.12,37.7
"Souter et al. 2021","PERSGA","Hard coral",2017,32.99,28.6,35.55,27.51,40.13
"Souter et al. 2021","PERSGA","Hard coral",2018,33.54,28.76,38.64,25.69,43.16
"Souter et al. 2021","PERSGA","Hard coral",2019,34.28,27.76,39.38,23.86,44.73
"Souter et al. 2021","ROPME","Hard coral",1978,31.1,1.94,49.51,1.03,69.91
"Souter et al. 2021","ROPME","Hard coral",1979,30.85,4.22,50.67,1.75,66.11
"Souter et al. 2021","ROPME","Hard coral",1983,30.94,5.1,50.21,1.69,67.98
"Souter et al. 2021","ROPME","Hard coral",1984,30.76,6.89,49.92,1.17,68.28
"Souter et al. 2021","ROPME","Hard coral",1985,30.84,5.79,47.89,1.66,66
"Souter et al. 2021","ROPME","Hard coral",1986,31.17,4.24,47.17,3.59,67.91
"Souter et al. 2021","ROPME","Hard coral",1987,31.38,3.77,45.91,3.77,68.84
"Souter et al. 2021","ROPME","Hard coral",1988,31.17,3.96,46.13,3.96,67.09
"Souter et al. 2021","ROPME","Hard coral",1989,31.12,7.57,47.71,3.99,66.88
"Souter et al. 2021","ROPME","Hard coral",1990,31.11,11.38,50.34,3.5,63
"Souter et al. 2021","ROPME","Hard coral",1991,30.69,10.04,45.34,7.32,64.73
"Souter et al. 2021","ROPME","Hard coral",1992,30.51,14.43,47.26,7.74,58.15
"Souter et al. 2021","ROPME","Hard coral",1993,30.89,13.59,44.9,8.31,57.53
"Souter et al. 2021","ROPME","Hard coral",1994,30.63,16.7,44.21,9.76,53.36
"Souter et al. 2021","ROPME","Hard coral",1995,30.68,17.34,42.83,13.35,53.24
"Souter et al. 2021","ROPME","Hard coral",1996,30.69,19.24,39.86,16.56,48.6
"Souter et al. 2021","ROPME","Hard coral",1997,30.13,22.04,38.05,18.04,41.91
"Souter et al. 2021","ROPME","Hard coral",1998,24.55,18.88,29.4,15.29,32.56
"Souter et al. 2021","ROPME","Hard coral",1999,23.46,18.2,28.69,14.24,30.44
"Souter et al. 2021","ROPME","Hard coral",2000,18.65,14.04,23.65,12.23,26.5
"Souter et al. 2021","ROPME","Hard coral",2001,18.46,14.26,23.78,11.27,24.88
"Souter et al. 2021","ROPME","Hard coral",2002,17.98,12.45,22.11,11.69,26.68
"Souter et al. 2021","ROPME","Hard coral",2003,21.32,17.3,26.4,15.1,28.72
"Souter et al. 2021","ROPME","Hard coral",2004,20.08,15.23,24.76,13.46,27.33
"Souter et al. 2021","ROPME","Hard coral",2005,21.41,15.93,27.32,12.68,30.84
"Souter et al. 2021","ROPME","Hard coral",2006,22.51,16.11,27.43,14.48,33.04
"Souter et al. 2021","ROPME","Hard coral",2007,27.2,21.23,34.71,16.46,36.31
"Souter et al. 2021","ROPME","Hard coral",2008,25.79,19.71,32.68,17.14,38.14
"Souter et al. 2021","ROPME","Hard coral",2009,24.33,20.8,29.16,18.64,31.41
"Souter et al. 2021","ROPME","Hard coral",2010,26.58,22.19,31.19,19.57,33.6
"Souter et al. 2021","ROPME","Hard coral",2011,26.12,21.71,29.63,19.94,33.73
"Souter et al. 2021","ROPME","Hard coral",2012,27.93,23.21,32.38,21.31,35.04
"Souter et al. 2021","ROPME","Hard coral",2013,27.51,22.63,31.05,20.69,34.56
"Souter et al. 2021","ROPME","Hard coral",2014,28.45,22.32,31.85,21,36.36
"Souter et al. 2021","ROPME","Hard coral",2015,30.25,25.72,36.91,22.36,38.18
"Souter et al. 2021","ROPME","Hard coral",2016,27.15,23,32.17,18.94,34.3
"Souter et al. 2021","ROPME","Hard coral",2017,25.24,20.15,29.1,18.88,32.4
"Souter et al. 2021","ROPME","Hard coral",2018,18.71,13.79,22.55,12.84,27.67
"Souter et al. 2021","ROPME","Hard coral",2019,17.93,13.44,21.76,10.87,25.46
"Souter et al. 2021","South Asia","Hard coral",1978,45.03,5.55,71.76,4.67,89.83
"Souter et al. 2021","South Asia","Hard coral",1979,46.36,12.73,79.93,4.52,89.67
"Souter et al. 2021","South Asia","Hard coral",1983,45.45,11.52,75.22,5.76,86.12
"Souter et al. 2021","South Asia","Hard coral",1984,44.59,11.02,72.26,7.45,88.45
"Souter et al. 2021","South Asia","Hard coral",1985,43.5,10.92,68.7,8.65,88.88
"Souter et al. 2021","South Asia","Hard coral",1986,43.21,5.42,63.15,8.09,85.6
"Souter et al. 2021","South Asia","Hard coral",1987,43.26,12.83,66.46,11.68,86.88
"Souter et al. 2021","South Asia","Hard coral",1988,43.31,15.93,68.45,10.27,85.57
"Souter et al. 2021","South Asia","Hard coral",1989,42.33,15.58,67.86,7.62,80.93
"Souter et al. 2021","South Asia","Hard coral",1990,41.8,10.57,60.51,10.57,83.27
"Souter et al. 2021","South Asia","Hard coral",1991,41.08,16.95,63.06,8.29,75.58
"Souter et al. 2021","South Asia","Hard coral",1992,40.89,19.2,64.67,11.74,77.35
"Souter et al. 2021","South Asia","Hard coral",1993,40.48,19.02,59.61,12.83,73.77
"Souter et al. 2021","South Asia","Hard coral",1994,40.26,22.32,58.76,16.23,70.26
"Souter et al. 2021","South Asia","Hard coral",1995,39.32,24.61,56.63,19.88,65.45
"Souter et al. 2021","South Asia","Hard coral",1996,38.04,24.51,47.85,22.26,55.19
"Souter et al. 2021","South Asia","Hard coral",1997,39.53,32.54,45.46,28.09,48.37
"Souter et al. 2021","South Asia","Hard coral",1998,21.14,16.2,24.6,15.36,29.2
"Souter et al. 2021","South Asia","Hard coral",1999,11.79,8.9,14.53,7.81,15.97
"Souter et al. 2021","South Asia","Hard coral",2000,12.51,9.87,14.83,8.38,16.25
"Souter et al. 2021","South Asia","Hard coral",2001,14.55,11.74,16.57,10.47,18.35
"Souter et al. 2021","South Asia","Hard coral",2002,11.53,9.02,14.49,7.41,15.53
"Souter et al. 2021","South Asia","Hard coral",2003,14.38,11.38,17.57,9.87,18.67
"Souter et al. 2021","South Asia","Hard coral",2004,19.47,15.7,22.39,14.37,24.42
"Souter et al. 2021","South Asia","Hard coral",2005,22.01,19.09,25.61,17.16,27.19
"Souter et al. 2021","South Asia","Hard coral",2006,25.15,21.4,28.7,19.24,30.75
"Souter et al. 2021","South Asia","Hard coral",2007,29.58,25.94,34.11,23.46,35.43
"Souter et al. 2021","South Asia","Hard coral",2008,36.23,32.81,41.32,30.31,42.99
"Souter et al. 2021","South Asia","Hard coral",2009,37.79,33.58,41.92,30.73,43.73
"Souter et al. 2021","South Asia","Hard coral",2010,39.36,33.91,44.21,32.43,48.66
"Souter et al. 2021","South Asia","Hard coral",2011,36.28,31.97,39.95,31.28,44.56
"Souter et al. 2021","South Asia","Hard coral",2012,39.06,34.97,42.97,32.68,46.84
"Souter et al. 2021","South Asia","Hard coral",2013,39.7,34.79,44.25,33.01,46.62
"Souter et al. 2021","South Asia","Hard coral",2014,37.33,33.79,41.99,31.09,44.09
"Souter et al. 2021","South Asia","Hard coral",2015,37.55,34.22,41.5,31.25,43.51
"Souter et al. 2021","South Asia","Hard coral",2016,26.32,22.97,29.23,22.29,32.26
"Souter et al. 2021","South Asia","Hard coral",2017,26.27,22.78,28.97,20.98,31.24
"Souter et al. 2021","South Asia","Hard coral",2018,24.56,21.72,27.46,20.44,29.79
"Souter et al. 2021","South Asia","Hard coral",2019,23.33,20.43,26.92,17.55,28.77
"Souter et al. 2021","WIO","Hard coral",1978,26.4,18.68,31.51,18.02,37.64
"Souter et al. 2021","WIO","Hard coral",1979,26.43,20.08,32.45,16.9,35.59
"Souter et al. 2021","WIO","Hard coral",1983,26.34,20.39,32.17,17.41,36.22
"Souter et al. 2021","WIO","Hard coral",1984,26.26,19.27,31.05,18.49,37.11
"Souter et al. 2021","WIO","Hard coral",1985,26.22,20.36,31.12,18,34.92
"Souter et al. 2021","WIO","Hard coral",1986,26.46,20.55,30.63,19.4,35.46
"Souter et al. 2021","WIO","Hard coral",1987,26.57,21.44,30.58,19.77,34.78
"Souter et al. 2021","WIO","Hard coral",1988,26.57,21.83,30.61,19.97,33.19
"Souter et al. 2021","WIO","Hard coral",1989,27.04,22.22,30.67,20.9,33.82
"Souter et al. 2021","WIO","Hard coral",1990,27.47,23.03,31.22,21.33,34.62
"Souter et al. 2021","WIO","Hard coral",1991,27.83,24.61,32.43,21.17,33.25
"Souter et al. 2021","WIO","Hard coral",1992,28.19,25.16,31.85,23.4,34.04
"Souter et al. 2021","WIO","Hard coral",1993,28.11,24.63,30.66,22.93,32.45
"Souter et al. 2021","WIO","Hard coral",1994,28.26,24.85,30.73,23.23,32.36
"Souter et al. 2021","WIO","Hard coral",1995,28,24.98,30.53,23.62,32.32
"Souter et al. 2021","WIO","Hard coral",1996,28.63,25.01,30.81,24.02,32.97
"Souter et al. 2021","WIO","Hard coral",1997,28.78,25.59,31.04,24.35,32.71
"Souter et al. 2021","WIO","Hard coral",1998,27.11,25.21,29.27,23.72,30.24
"Souter et al. 2021","WIO","Hard coral",1999,26.46,24.03,27.99,23.42,29.47
"Souter et al. 2021","WIO","Hard coral",2000,26.53,24.54,28.38,23.41,29.7
"Souter et al. 2021","WIO","Hard coral",2001,26.48,24.86,28.4,23.74,29.58
"Souter et al. 2021","WIO","Hard coral",2002,26.62,24.74,28.52,23.41,29.37
"Souter et al. 2021","WIO","Hard coral",2003,26.48,25.11,28.74,23.48,29.13
"Souter et al. 2021","WIO","Hard coral",2004,27.24,25.08,28.84,24.61,30.22
"Souter et al. 2021","WIO","Hard coral",2005,27.82,26.29,29.86,25.05,31.01
"Souter et al. 2021","WIO","Hard coral",2006,28.09,26.29,30.11,25.11,31.05
"Souter et al. 2021","WIO","Hard coral",2007,29.07,26.94,30.81,25.77,32.01
"Souter et al. 2021","WIO","Hard coral",2008,29.75,27.61,31.59,26.46,32.66
"Souter et al. 2021","WIO","Hard coral",2009,30.81,28.58,32.53,27.33,33.69
"Souter et al. 2021","WIO","Hard coral",2010,31.24,29.09,33.22,28,34.61
"Souter et al. 2021","WIO","Hard coral",2011,31.6,29.7,33.64,28.15,34.45
"Souter et al. 2021","WIO","Hard coral",2012,32.26,29.94,34.55,28.73,35.76
"Souter et al. 2021","WIO","Hard coral",2013,30.92,29.25,33.14,28.21,34.04
"Souter et al. 2021","WIO","Hard coral",2014,30.04,27.96,31.87,26.36,32.85
"Souter et al. 2021","WIO","Hard coral",2015,30.62,28.92,32.87,27.71,33.52
"Souter et al. 2021","WIO","Hard coral",2016,30.65,28.78,32.71,27.44,33.46
"Souter et al. 2021","WIO","Hard coral",2017,29.4,27.07,30.87,26.27,32.02
"Souter et al. 2021","WIO","Hard coral",2018,29.32,27.35,31.53,26,32.24
"Souter et al. 2021","WIO","Hard coral",2019,29.37,27.27,32.19,25.53,33.61
"Souter et al. 2021","Global","Algae",1986,16.46,11.27,20.77,7.56,26.1
"Souter et al. 2021","Global","Algae",1987,16.19,11.15,20.49,5.39,25.23
"Souter et al. 2021","Global","Algae",1988,16.22,11.78,20.26,8.01,25.22
"Souter et al. 2021","Global","Algae",1989,16.25,11.01,19.79,7.7,25.68
"Souter et al. 2021","Global","Algae",1990,16.14,11.61,19.89,7.65,23
"Souter et al. 2021","Global","Algae",1991,16.2,11.09,19.31,7.73,23.04
"Souter et al. 2021","Global","Algae",1992,16.34,12.24,19.51,8.22,21.92
"Souter et al. 2021","Global","Algae",1993,16.07,11.81,19.13,9.86,23.24
"Souter et al. 2021","Global","Algae",1994,15.79,12.18,18.82,10.41,21.19
"Souter et al. 2021","Global","Algae",1995,15.31,12.3,18.05,9.73,21.19
"Souter et al. 2021","Global","Algae",1996,14.99,12.42,17.58,8.06,18.55
"Souter et al. 2021","Global","Algae",1997,14.91,11.55,16.87,10.24,19.87
"Souter et al. 2021","Global","Algae",1998,15.27,12.83,17.42,10.84,19.55
"Souter et al. 2021","Global","Algae",1999,15.28,13.27,17.52,11.49,18.89
"Souter et al. 2021","Global","Algae",2000,15.33,13.38,16.99,12.49,19.22
"Souter et al. 2021","Global","Algae",2001,15.61,14.05,17.45,12.63,18.63
"Souter et al. 2021","Global","Algae",2002,15.41,14.2,16.88,13.12,17.57
"Souter et al. 2021","Global","Algae",2003,15.24,13.76,17.06,12.7,18.38
"Souter et al. 2021","Global","Algae",2004,14.98,13.22,16.73,12.53,18.28
"Souter et al. 2021","Global","Algae",2005,15.44,13.65,17.14,12.84,19.46
"Souter et al. 2021","Global","Algae",2006,15.71,13.7,17.31,12.24,19.22
"Souter et al. 2021","Global","Algae",2007,15.91,14.08,17.88,12.3,19.93
"Souter et al. 2021","Global","Algae",2008,15.47,13.25,16.94,12.1,19.59
"Souter et al. 2021","Global","Algae",2009,15.72,13.68,17.28,11.98,19.53
"Souter et al. 2021","Global","Algae",2010,15.3,13.28,16.59,12.17,18.12
"Souter et al. 2021","Global","Algae",2011,15.37,13.61,16.6,12.83,18.65
"Souter et al. 2021","Global","Algae",2012,15.99,14.36,17.23,13.96,18.73
"Souter et al. 2021","Global","Algae",2013,16.64,15.22,17.65,14.74,18.82
"Souter et al. 2021","Global","Algae",2014,17.76,16.2,19.38,15.51,20.89
"Souter et al. 2021","Global","Algae",2015,17.67,16.26,19.86,14.32,20.86
"Souter et al. 2021","Global","Algae",2016,17.97,15.9,20.09,13.58,22.09
"Souter et al. 2021","Global","Algae",2017,18.3,16.34,20.81,13.62,22.56
"Souter et al. 2021","Global","Algae",2018,19.3,16.67,21.71,13.04,24.5
"Souter et al. 2021","Global","Algae",2019,19.03,16.44,21.8,13.36,24.46
"Souter et al. 2021","Australia","Algae",1986,21,13.7,28.5,8.33,33.32
"Souter et al. 2021","Australia","Algae",1987,21.08,13.81,27.75,10.94,36.08
"Souter et al. 2021","Australia","Algae",1988,20.89,13.36,26.93,10.98,33.13
"Souter et al. 2021","Australia","Algae",1989,20.84,13.62,26.75,11.32,31.5
"Souter et al. 2021","Australia","Algae",1990,21.03,15.74,28.77,11.11,31.23
"Souter et al. 2021","Australia","Algae",1991,21.09,13.95,25.87,11.26,29.61
"Souter et al. 2021","Australia","Algae",1992,21.26,15.53,26.74,12.59,31.72
"Souter et al. 2021","Australia","Algae",1993,21.19,16.14,26.1,13.52,30.76
"Souter et al. 2021","Australia","Algae",1994,21.18,17.2,25.51,13.65,28.96
"Souter et al. 2021","Australia","Algae",1995,20.97,17.18,24.16,15.6,28.13
"Souter et al. 2021","Australia","Algae",1996,21.12,18.73,23.61,14.72,25.55
"Souter et al. 2021","Australia","Algae",1997,21.56,18.73,23.87,16.07,27.68
"Souter et al. 2021","Australia","Algae",1998,22.25,20.24,25.05,16.11,26.75
"Souter et al. 2021","Australia","Algae",1999,22.79,20.44,25.59,18.04,28.76
"Souter et al. 2021","Australia","Algae",2000,24.93,22.25,27.44,19.53,31.3
"Souter et al. 2021","Australia","Algae",2001,26.27,24.06,29.23,20.78,31.32
"Souter et al. 2021","Australia","Algae",2002,27.75,25.15,30.6,21.99,33.73
"Souter et al. 2021","Australia","Algae",2003,28.5,26.17,30.88,22.92,33.69
"Souter et al. 2021","Australia","Algae",2004,26.81,24.72,28.94,21.83,31.29
"Souter et al. 2021","Australia","Algae",2005,25.74,23.68,28.5,20.71,29.34
"Souter et al. 2021","Australia","Algae",2006,25.39,23.14,27.71,21.3,30.11
"Souter et al. 2021","Australia","Algae",2007,24.8,22.6,26.85,20.39,28.65
"Souter et al. 2021","Australia","Algae",2008,24.5,22.16,26.77,20.68,28.42
"Souter et al. 2021","Australia","Algae",2009,25.3,23.15,27.28,21.2,28.66
"Souter et al. 2021","Australia","Algae",2010,27.66,25.44,30.14,23.21,31.69
"Souter et al. 2021","Australia","Algae",2011,29.83,27.66,32.04,26.42,34.6
"Souter et al. 2021","Australia","Algae",2012,32.39,30.04,34.69,28.72,36.57
"Souter et al. 2021","Australia","Algae",2013,31.02,28.97,33.36,26.66,34.67
"Souter et al. 2021","Australia","Algae",2014,32.51,30.1,34.9,28.23,36.73
"Souter et al. 2021","Australia","Algae",2015,33.24,31.15,35.27,29.79,36.06
"Souter et al. 2021","Australia","Algae",2016,31.6,30.03,34.17,28.2,34.79
"Souter et al. 2021","Australia","Algae",2017,34.92,32.72,37.17,31.86,38.72
"Souter et al. 2021","Australia","Algae",2018,39.22,36.82,42.23,34.98,43.28
"Souter et al. 2021","Australia","Algae",2019,37.48,34.64,39.62,33.32,41.83
"Souter et al. 2021","Brazil","Algae",1986,22.41,5.21,31.92,3.66,47.25
"Souter et al. 2021","Brazil","Algae",1987,21.35,7.46,30.04,3.1,42.28
"Souter et al. 2021","Brazil","Algae",1988,20.74,7.02,31.07,3.63,44.76
"Souter et al. 2021","Brazil","Algae",1989,21.44,5.08,28.55,2.82,43.89
"Souter et al. 2021","Brazil","Algae",1990,21.47,8.11,31.02,5.37,44
"Souter et al. 2021","Brazil","Algae",1991,21.23,6.96,28.4,3.48,41.42
"Souter et al. 2021","Brazil","Algae",1992,21.18,9.19,28.98,7.64,43.59
"Souter et al. 2021","Brazil","Algae",1993,20.35,7.85,28.96,5.39,40.97
"Souter et al. 2021","Brazil","Algae",1994,20.57,9.48,27.95,7.26,38.84
"Souter et al. 2021","Brazil","Algae",1995,20.81,9.25,27.49,7.15,41.91
"Souter et al. 2021","Brazil","Algae",1996,21.06,10.65,28.27,9.35,36.59
"Souter et al. 2021","Brazil","Algae",1997,20.59,12.06,26.92,9.09,36.54
"Souter et al. 2021","Brazil","Algae",1998,19.77,12.48,25.88,8.35,30.34
"Souter et al. 2021","Brazil","Algae",1999,20.15,12.22,25.63,11.41,33.78
"Souter et al. 2021","Brazil","Algae",2000,20.02,14.65,25.92,8.85,28.23
"Souter et al. 2021","Brazil","Algae",2001,19.77,14.59,23.95,12.04,26.78
"Souter et al. 2021","Brazil","Algae",2002,19.52,16.59,23.26,15.04,24.35
"Souter et al. 2021","Brazil","Algae",2003,20.46,16.92,24.25,15.45,26.77
"Souter et al. 2021","Brazil","Algae",2004,21.44,17.94,24.73,15.76,27.19
"Souter et al. 2021","Brazil","Algae",2005,20.94,18.04,24.67,15.3,25.94
"Souter et al. 2021","Brazil","Algae",2006,22.67,19.32,26.24,17.45,28.06
"Souter et al. 2021","Brazil","Algae",2007,23.93,20.79,26.93,18.52,28.82
"Souter et al. 2021","Brazil","Algae",2008,29.14,25.97,32.07,23.27,34.36
"Souter et al. 2021","Brazil","Algae",2009,28.53,24.65,32.01,23.77,34.79
"Souter et al. 2021","Brazil","Algae",2010,29.99,25.32,34.8,22.95,37.01
"Souter et al. 2021","Brazil","Algae",2011,29.11,24.97,33.53,23.56,36.52
"Souter et al. 2021","Brazil","Algae",2012,28.95,24.31,32.61,21.6,36.18
"Souter et al. 2021","Brazil","Algae",2013,28.65,24.11,32.44,21.85,34.14
"Souter et al. 2021","Brazil","Algae",2014,27.53,22.4,33.19,18.81,35.62
"Souter et al. 2021","Brazil","Algae",2015,31.53,25.54,35.21,22.87,38.82
"Souter et al. 2021","Brazil","Algae",2016,33.53,28.69,37.09,27.48,40.57
"Souter et al. 2021","Brazil","Algae",2017,35.54,30,39.83,28.52,43.89
"Souter et al. 2021","Brazil","Algae",2018,36.97,32.26,41.72,30.05,45.68
"Souter et al. 2021","Brazil","Algae",2019,37.02,30.09,42.54,27.04,47.11
"Souter et al. 2021","Caribbean","Algae",1986,42.7,33.46,49.94,32.14,55.72
"Souter et al. 2021","Caribbean","Algae",1987,42.6,34.63,49.89,32.48,56
"Souter et al. 2021","Caribbean","Algae",1988,42.66,35.58,49.96,31.15,53.47
"Souter et al. 2021","Caribbean","Algae",1989,42.8,35.53,49.01,32.77,55.25
"Souter et al. 2021","Caribbean","Algae",1990,42.95,37.42,50.31,32.88,54.96
"Souter et al. 2021","Caribbean","Algae",1991,42.84,36.73,49.14,33.27,53.32
"Souter et al. 2021","Caribbean","Algae",1992,42.88,36.04,47.72,34.22,52.54
"Souter et al. 2021","Caribbean","Algae",1993,42.89,36.91,48.25,33.34,52.23
"Souter et al. 2021","Caribbean","Algae",1994,43.07,36.88,47.13,35.26,51.91
"Souter et al. 2021","Caribbean","Algae",1995,43.11,38.02,47.14,35.97,51.13
"Souter et al. 2021","Caribbean","Algae",1996,43.42,39.69,47.79,36.27,50.38
"Souter et al. 2021","Caribbean","Algae",1997,44,40.35,48.12,37.71,50.21
"Souter et al. 2021","Caribbean","Algae",1998,45.04,41.25,48.21,39.04,50.68
"Souter et al. 2021","Caribbean","Algae",1999,45.73,42.19,48.45,40.17,50.59
"Souter et al. 2021","Caribbean","Algae",2000,45.15,41.96,48.02,40.33,49.96
"Souter et al. 2021","Caribbean","Algae",2001,44.42,42.42,47.51,40.16,48.38
"Souter et al. 2021","Caribbean","Algae",2002,43.81,41.09,46.35,39.47,47.99
"Souter et al. 2021","Caribbean","Algae",2003,42.72,40.39,45.43,38.93,46.47
"Souter et al. 2021","Caribbean","Algae",2004,43.34,40.71,45.52,39.94,46.86
"Souter et al. 2021","Caribbean","Algae",2005,44.57,42.66,47.13,41.03,48.44
"Souter et al. 2021","Caribbean","Algae",2006,44.68,42.64,46.71,41.4,48.08
"Souter et al. 2021","Caribbean","Algae",2007,44.92,43.41,47.12,41.5,47.5
"Souter et al. 2021","Caribbean","Algae",2008,44.04,41.85,45.79,40.87,46.79
"Souter et al. 2021","Caribbean","Algae",2009,44.89,43.47,47.09,42.47,47.73
"Souter et al. 2021","Caribbean","Algae",2010,45.14,43.02,46.73,42.51,47.96
"Souter et al. 2021","Caribbean","Algae",2011,46.82,45.07,48.81,44.12,49.79
"Souter et al. 2021","Caribbean","Algae",2012,46.76,44.82,48.71,44.17,49.95
"Souter et al. 2021","Caribbean","Algae",2013,47.8,45.91,49.4,44.81,50.41
"Souter et al. 2021","Caribbean","Algae",2014,48.95,46.88,50.87,46.13,52.43
"Souter et al. 2021","Caribbean","Algae",2015,49.8,47.94,51.97,46.7,52.87
"Souter et al. 2021","Caribbean","Algae",2016,50.07,48.52,52.09,46.81,52.39
"Souter et al. 2021","Caribbean","Algae",2017,50.98,49.09,52.75,48.04,53.6
"Souter et al. 2021","Caribbean","Algae",2018,52.07,49.81,54.03,49.13,55.24
"Souter et al. 2021","Caribbean","Algae",2019,52.43,50.18,54.87,49.1,55.78
"Souter et al. 2021","East Asia","Algae",1986,14.06,7.81,19.49,5.05,24.16
"Souter et al. 2021","East Asia","Algae",1987,13.14,7.72,16.68,6.05,23.14
"Souter et al. 2021","East Asia","Algae",1988,13.92,8.11,18.41,5.36,22.73
"Souter et al. 2021","East Asia","Algae",1989,13.7,8.52,17.56,6.29,20.7
"Souter et al. 2021","East Asia","Algae",1990,13.28,8.64,17.4,5.3,20.78
"Souter et al. 2021","East Asia","Algae",1991,13.3,8.11,16.91,6.27,21.7
"Souter et al. 2021","East Asia","Algae",1992,13.36,8.72,17.2,6.79,21.35
"Souter et al. 2021","East Asia","Algae",1993,12.68,8.13,15.43,6.35,20.36
"Souter et al. 2021","East Asia","Algae",1994,11.98,7.62,14.68,6.43,18.1
"Souter et al. 2021","East Asia","Algae",1995,11,7.49,13.43,6.14,16.18
"Souter et al. 2021","East Asia","Algae",1996,10.46,7.54,12.56,6.3,15.13
"Souter et al. 2021","East Asia","Algae",1997,10.04,7.53,11.87,6.16,13.72
"Souter et al. 2021","East Asia","Algae",1998,10.59,8.19,12.63,6.27,14.47
"Souter et al. 2021","East Asia","Algae",1999,10.36,8.08,12.11,7.12,14.18
"Souter et al. 2021","East Asia","Algae",2000,9.83,7.76,11.48,7.29,13.12
"Souter et al. 2021","East Asia","Algae",2001,9.92,8.33,11.76,6.89,12.72
"Souter et al. 2021","East Asia","Algae",2002,9.55,7.89,11.21,7.03,12.79
"Souter et al. 2021","East Asia","Algae",2003,9.41,7.68,10.75,7.2,12.67
"Souter et al. 2021","East Asia","Algae",2004,8.99,7.23,10.35,5.93,11.83
"Souter et al. 2021","East Asia","Algae",2005,9.24,7.71,10.8,6.01,11.66
"Souter et al. 2021","East Asia","Algae",2006,9.6,7.66,11.13,7,13.24
"Souter et al. 2021","East Asia","Algae",2007,10.23,8.35,12.01,6.95,13.39
"Souter et al. 2021","East Asia","Algae",2008,8.73,7.18,10.2,5.96,11.21
"Souter et al. 2021","East Asia","Algae",2009,8.33,6.83,9.79,5.89,10.53
"Souter et al. 2021","East Asia","Algae",2010,7.28,6.02,8.35,5.54,9.48
"Souter et al. 2021","East Asia","Algae",2011,6.93,5.84,8.07,5.03,8.89
"Souter et al. 2021","East Asia","Algae",2012,7.44,6.08,8.56,5.34,9.43
"Souter et al. 2021","East Asia","Algae",2013,7.8,6.59,9.08,5.63,9.69
"Souter et al. 2021","East Asia","Algae",2014,9.08,7.59,10.33,6.74,11.59
"Souter et al. 2021","East Asia","Algae",2015,8.05,6.66,9.15,6.03,10.26
"Souter et al. 2021","East Asia","Algae",2016,7.71,6.21,8.57,5.88,9.93
"Souter et al. 2021","East Asia","Algae",2017,7.39,6.25,8.26,5.8,9.04
"Souter et al. 2021","East Asia","Algae",2018,7.77,6.66,8.83,6.03,9.42
"Souter et al. 2021","East Asia","Algae",2019,7.92,6.6,9.07,5.71,10.65
"Souter et al. 2021","ETP","Algae",1986,41.66,29.37,49.14,23.11,59.55
"Souter et al. 2021","ETP","Algae",1987,41.49,29.95,49.02,24.08,60.18
"Souter et al. 2021","ETP","Algae",1988,41.52,31.57,50.92,24.47,56.28
"Souter et al. 2021","ETP","Algae",1989,40.84,28.5,48.03,24.69,58.13
"Souter et al. 2021","ETP","Algae",1990,41,31.26,50.27,25.19,55.23
"Souter et al. 2021","ETP","Algae",1991,41.06,31.15,49.88,25.4,57.09
"Souter et al. 2021","ETP","Algae",1992,41.11,31.28,48.32,26.66,53.5
"Souter et al. 2021","ETP","Algae",1993,41.12,31.32,48.48,27.34,51.37
"Souter et al. 2021","ETP","Algae",1994,40.9,32.42,48.12,28.52,53.35
"Souter et al. 2021","ETP","Algae",1995,40.97,34.98,48.85,31.27,53.15
"Souter et al. 2021","ETP","Algae",1996,40.76,33.51,46.13,30.78,51.87
"Souter et al. 2021","ETP","Algae",1997,40.95,34.67,47.05,29.8,50.42
"Souter et al. 2021","ETP","Algae",1998,40.86,35.29,45.47,33.39,49.37
"Souter et al. 2021","ETP","Algae",1999,40.61,34.57,46.45,32.52,50.14
"Souter et al. 2021","ETP","Algae",2000,40.58,35.45,45.29,33.12,49.93
"Souter et al. 2021","ETP","Algae",2001,40.62,35.16,45.38,32.88,50.43
"Souter et al. 2021","ETP","Algae",2002,41.17,35.26,46.09,33.13,49.91
"Souter et al. 2021","ETP","Algae",2003,42.71,36.42,47.31,34.07,51.67
"Souter et al. 2021","ETP","Algae",2004,43.42,37.41,48.54,35.3,52.72
"Souter et al. 2021","ETP","Algae",2005,44.61,38.96,49.48,37.13,52.83
"Souter et al. 2021","ETP","Algae",2006,44.79,38.91,49.41,37.06,54.97
"Souter et al. 2021","ETP","Algae",2007,46.52,41.86,53.28,37.43,54.34
"Souter et al. 2021","ETP","Algae",2008,45.73,40.55,50.46,37.23,54.73
"Souter et al. 2021","ETP","Algae",2009,44.91,38.75,49.79,36.14,55.65
"Souter et al. 2021","ETP","Algae",2010,44.38,38.55,49.04,34.28,51.58
"Souter et al. 2021","ETP","Algae",2011,45.01,39.58,51.3,36.27,53.42
"Souter et al. 2021","ETP","Algae",2012,44.16,37.83,49.29,35.59,53.05
"Souter et al. 2021","ETP","Algae",2013,43.84,38.52,49.51,36.3,52.41
"Souter et al. 2021","ETP","Algae",2014,44.23,39.45,50.25,35.68,52.19
"Souter et al. 2021","ETP","Algae",2015,42.99,38.32,49.3,33.43,49.85
"Souter et al. 2021","ETP","Algae",2016,45.77,39.63,51.56,37.58,54.06
"Souter et al. 2021","ETP","Algae",2017,49.2,42.07,56.46,38.42,60.47
"Souter et al. 2021","ETP","Algae",2018,49.14,42.11,56.68,37.48,60.84
"Souter et al. 2021","ETP","Algae",2019,49.08,40.84,57.37,36.87,61.16
"Souter et al. 2021","Pacific","Algae",1986,14.91,0.08,20.17,0.08,41.23
"Souter et al. 2021","Pacific","Algae",1987,14.89,2.37,22.03,0.04,35.52
"Souter et al. 2021","Pacific","Algae",1988,14.23,2.57,20.1,0.03,30.76
"Souter et al. 2021","Pacific","Algae",1989,14.47,1.55,19.41,0.08,35.76
"Souter et al. 2021","Pacific","Algae",1990,14.32,3.53,21.06,0.12,32.04
"Souter et al. 2021","Pacific","Algae",1991,14.3,2.69,18.8,0.51,31.17
"Souter et al. 2021","Pacific","Algae",1992,14.61,2.1,18.69,0.55,32.42
"Souter et al. 2021","Pacific","Algae",1993,14.37,2.71,19.29,0.84,31.31
"Souter et al. 2021","Pacific","Algae",1994,13.76,5.09,19.73,1.75,28.96
"Souter et al. 2021","Pacific","Algae",1995,13.42,3.33,17.48,0.49,25.49
"Souter et al. 2021","Pacific","Algae",1996,12.89,4.56,17.17,0.86,26.35
"Souter et al. 2021","Pacific","Algae",1997,12.89,4.83,17.31,1.3,25.02
"Souter et al. 2021","Pacific","Algae",1998,12.72,5.71,16.58,1.81,23.63
"Souter et al. 2021","Pacific","Algae",1999,12.68,5.58,16.2,3.39,21.83
"Souter et al. 2021","Pacific","Algae",2000,12.79,7.9,16.4,5.08,20.74
"Souter et al. 2021","Pacific","Algae",2001,13.38,8.77,16.62,5.13,21.22
"Souter et al. 2021","Pacific","Algae",2002,12.94,9.92,15.48,7.65,17.86
"Souter et al. 2021","Pacific","Algae",2003,12.4,8.71,15.6,6.11,18.9
"Souter et al. 2021","Pacific","Algae",2004,12.31,7.97,15.31,6.13,18.53
"Souter et al. 2021","Pacific","Algae",2005,12.83,8.22,16.02,5.53,21.69
"Souter et al. 2021","Pacific","Algae",2006,13.07,7.97,16.08,3.55,21.69
"Souter et al. 2021","Pacific","Algae",2007,13.25,7.55,15.88,3.43,22.7
"Souter et al. 2021","Pacific","Algae",2008,14.42,7.68,16.67,6.1,27.37
"Souter et al. 2021","Pacific","Algae",2009,15.07,9.59,18.82,4.09,24.58
"Souter et al. 2021","Pacific","Algae",2010,14.83,9.37,18.41,5.92,23.77
"Souter et al. 2021","Pacific","Algae",2011,14.63,8.89,17.21,7.13,22.19
"Souter et al. 2021","Pacific","Algae",2012,15.21,11.53,18.26,6.93,21.1
"Souter et al. 2021","Pacific","Algae",2013,16.18,12.77,18.35,11.18,20.94
"Souter et al. 2021","Pacific","Algae",2014,16.39,11.63,19.87,7.96,24.58
"Souter et al. 2021","Pacific","Algae",2015,17.74,12.08,22.75,7.15,29.44
"Souter et al. 2021","Pacific","Algae",2016,19.48,13.16,27.88,5.94,33.47
"Souter et al. 2021","Pacific","Algae",2017,20.09,12.94,29.14,2.22,32.33
"Souter et al. 2021","Pacific","Algae",2018,20.42,11.58,27.38,2.44,38.61
"Souter et al. 2021","Pacific","Algae",2019,19.86,10.69,27.53,0.38,36
"Souter et al. 2021","PERSGA","Algae",1986,13.26,0,17.9,0,55.07
"Souter et al. 2021","PERSGA","Algae",1987,12.71,0,16.44,0,56.33
"Souter et al. 2021","PERSGA","Algae",1988,12.05,0.01,15.61,0.01,44.29
"Souter et al. 2021","PERSGA","Algae",1989,11.87,0,16.04,0,49.48
"Souter et al. 2021","PERSGA","Algae",1990,11.25,0.01,13.95,0.01,43.65
"Souter et al. 2021","PERSGA","Algae",1991,10.28,0.05,14.38,0.05,36.54
"Souter et al. 2021","PERSGA","Algae",1992,9.81,0.07,13.67,0.07,32.25
"Souter et al. 2021","PERSGA","Algae",1993,9.58,0.72,13.74,0.06,31.23
"Souter et al. 2021","PERSGA","Algae",1994,9.56,0.53,12.97,0.02,28.18
"Souter et al. 2021","PERSGA","Algae",1995,9.71,0.05,13.78,0.05,28.41
"Souter et al. 2021","PERSGA","Algae",1996,8.96,0.67,11.16,0.08,22.64
"Souter et al. 2021","PERSGA","Algae",1997,8.58,1.22,10.74,0.1,22.49
"Souter et al. 2021","PERSGA","Algae",1998,7.21,1.65,9.25,0.08,20.17
"Souter et al. 2021","PERSGA","Algae",1999,6.5,1.99,8.64,0.7,14.39
"Souter et al. 2021","PERSGA","Algae",2000,5.61,2.83,7.32,2.29,10.02
"Souter et al. 2021","PERSGA","Algae",2001,4.99,1.78,6.68,1.08,10
"Souter et al. 2021","PERSGA","Algae",2002,4.49,1.97,5.9,1.15,8.31
"Souter et al. 2021","PERSGA","Algae",2003,5.39,1.57,7.47,0.68,10.39
"Souter et al. 2021","PERSGA","Algae",2004,6.24,1.89,8.2,0.83,12.39
"Souter et al. 2021","PERSGA","Algae",2005,7.62,2.64,10.45,1.78,15.93
"Souter et al. 2021","PERSGA","Algae",2006,8.42,3.12,10.85,1.68,18.32
"Souter et al. 2021","PERSGA","Algae",2007,7.89,2.88,9.77,2.22,17.1
"Souter et al. 2021","PERSGA","Algae",2008,7.16,4.01,10,2.88,12.08
"Souter et al. 2021","PERSGA","Algae",2009,7.66,4.41,10.21,3,12.81
"Souter et al. 2021","PERSGA","Algae",2010,7.85,3.21,10.93,2.11,15.78
"Souter et al. 2021","PERSGA","Algae",2011,7.62,3.8,11.07,0.96,15.73
"Souter et al. 2021","PERSGA","Algae",2012,7.79,3.71,10.76,0.94,14.4
"Souter et al. 2021","PERSGA","Algae",2013,8.47,3.7,11.88,1.51,14.95
"Souter et al. 2021","PERSGA","Algae",2014,9.08,4.07,11.61,3.46,15.66
"Souter et al. 2021","PERSGA","Algae",2015,11.01,5.65,14.89,3.81,20.22
"Souter et al. 2021","PERSGA","Algae",2016,12.91,6.67,17.23,3.7,21.43
"Souter et al. 2021","PERSGA","Algae",2017,10.42,5.12,14.36,2.58,17.82
"Souter et al. 2021","PERSGA","Algae",2018,12.43,3.95,16.72,2.53,27.54
"Souter et al. 2021","PERSGA","Algae",2019,14.68,3.44,19.23,3.44,33.92
"Souter et al. 2021","ROPME","Algae",1986,23.66,1.84,37.19,0.22,62.07
"Souter et al. 2021","ROPME","Algae",1987,23.58,0.3,33.19,0.3,61.46
"Souter et al. 2021","ROPME","Algae",1988,23.24,0.63,32.37,0.48,61.08
"Souter et al. 2021","ROPME","Algae",1989,23.04,3.46,35.36,0.34,58.16
"Souter et al. 2021","ROPME","Algae",1990,22.98,4.99,35.66,0.59,58.2
"Souter et al. 2021","ROPME","Algae",1991,22.89,1.38,31.56,0.78,52.82
"Souter et al. 2021","ROPME","Algae",1992,22.64,5.86,33.72,1.4,50.89
"Souter et al. 2021","ROPME","Algae",1993,22.2,5.86,32,5.04,49.84
"Souter et al. 2021","ROPME","Algae",1994,21.69,8.21,32.14,3.54,44.5
"Souter et al. 2021","ROPME","Algae",1995,21.54,9.56,31.81,4.7,42.47
"Souter et al. 2021","ROPME","Algae",1996,21.14,10.01,29.68,6.73,41.08
"Souter et al. 2021","ROPME","Algae",1997,20.27,11.39,27.46,8.89,34.36
"Souter et al. 2021","ROPME","Algae",1998,20,14.18,25.31,11.97,30.02
"Souter et al. 2021","ROPME","Algae",1999,20.09,14.71,24.86,12.74,27.54
"Souter et al. 2021","ROPME","Algae",2000,17.28,12.91,20.6,12.2,24.55
"Souter et al. 2021","ROPME","Algae",2001,16.33,12.61,19.84,10.06,21.77
"Souter et al. 2021","ROPME","Algae",2002,14.5,11.22,18.37,9.37,20.27
"Souter et al. 2021","ROPME","Algae",2003,13.01,7.97,16.4,6.53,20.28
"Souter et al. 2021","ROPME","Algae",2004,13.59,8.96,17.67,6.92,19.85
"Souter et al. 2021","ROPME","Algae",2005,14.68,8.63,19.24,7.3,23.56
"Souter et al. 2021","ROPME","Algae",2006,15.58,8.44,20.21,7.29,24.63
"Souter et al. 2021","ROPME","Algae",2007,17.37,12.09,22.73,10.08,25.65
"Souter et al. 2021","ROPME","Algae",2008,19.2,14.19,25.66,10.25,27.99
"Souter et al. 2021","ROPME","Algae",2009,21.18,16.6,26.41,13.39,28.89
"Souter et al. 2021","ROPME","Algae",2010,24.37,20.12,28.38,18.33,31.67
"Souter et al. 2021","ROPME","Algae",2011,30.76,23.87,37.25,20.3,40.53
"Souter et al. 2021","ROPME","Algae",2012,27.86,23.1,31.32,21.26,34.74
"Souter et al. 2021","ROPME","Algae",2013,25.86,20.51,29.47,19.8,33.05
"Souter et al. 2021","ROPME","Algae",2014,26.86,22.46,30.81,20.32,32.75
"Souter et al. 2021","ROPME","Algae",2015,26.52,21.89,30.61,19.6,33.58
"Souter et al. 2021","ROPME","Algae",2016,30.08,25.09,34.83,23.09,38.28
"Souter et al. 2021","ROPME","Algae",2017,32.43,27.03,37.59,23.02,40.05
"Souter et al. 2021","ROPME","Algae",2018,37.29,29.59,45.45,26.54,49.36
"Souter et al. 2021","ROPME","Algae",2019,30.9,23.63,35.59,22.09,41.72
"Souter et al. 2021","South Asia","Algae",1986,12.11,3.65,16.47,1.87,26.7
"Souter et al. 2021","South Asia","Algae",1987,11.71,4.05,15.4,2.38,24.5
"Souter et al. 2021","South Asia","Algae",1988,11.86,3.78,15.27,3.31,23.18
"Souter et al. 2021","South Asia","Algae",1989,11.42,4.95,14.87,3.19,22.98
"Souter et al. 2021","South Asia","Algae",1990,11.24,5.03,15.43,3.6,22.19
"Souter et al. 2021","South Asia","Algae",1991,11.22,5.52,15.56,3.52,20.9
"Souter et al. 2021","South Asia","Algae",1992,10.96,5.6,14.2,3.66,20.31
"Souter et al. 2021","South Asia","Algae",1993,10.94,5.46,14.33,4.58,22.75
"Souter et al. 2021","South Asia","Algae",1994,10.99,5.71,13.86,4.43,20.31
"Souter et al. 2021","South Asia","Algae",1995,10.81,6.6,13.72,5.1,17.68
"Souter et al. 2021","South Asia","Algae",1996,10.65,6.72,13,5.48,15.99
"Souter et al. 2021","South Asia","Algae",1997,10.39,7.62,12.74,6.81,15.15
"Souter et al. 2021","South Asia","Algae",1998,10.64,7.06,12.41,6.28,15.35
"Souter et al. 2021","South Asia","Algae",1999,10.31,6.6,12.16,5.82,15.51
"Souter et al. 2021","South Asia","Algae",2000,10.78,7.21,13.07,6.15,16.69
"Souter et al. 2021","South Asia","Algae",2001,10.9,8.02,13.59,5.92,16.53
"Souter et al. 2021","South Asia","Algae",2002,10.87,7.6,12.9,6,15.24
"Souter et al. 2021","South Asia","Algae",2003,10.9,7.41,12.54,6.86,16.57
"Souter et al. 2021","South Asia","Algae",2004,10.83,7.87,12.62,7.62,15.04
"Souter et al. 2021","South Asia","Algae",2005,10.73,8.12,12.32,7.38,14.02
"Souter et al. 2021","South Asia","Algae",2006,10.58,8.45,12.6,7.42,14.16
"Souter et al. 2021","South Asia","Algae",2007,10,7.85,12.2,6.97,13.72
"Souter et al. 2021","South Asia","Algae",2008,9.46,7.23,11.27,5.92,12.61
"Souter et al. 2021","South Asia","Algae",2009,9.56,7.18,11.32,6.51,12.63
"Souter et al. 2021","South Asia","Algae",2010,9.59,7.77,11.72,6.6,12.8
"Souter et al. 2021","South Asia","Algae",2011,10.05,7.95,11.75,6.62,12.52
"Souter et al. 2021","South Asia","Algae",2012,10.08,7.73,12.08,6.93,14.04
"Souter et al. 2021","South Asia","Algae",2013,10.92,8.95,13.23,7.84,14.19
"Souter et al. 2021","South Asia","Algae",2014,11.71,9.53,14.1,7.9,15.28
"Souter et al. 2021","South Asia","Algae",2015,12.05,9.78,14.4,8.33,15.93
"Souter et al. 2021","South Asia","Algae",2016,13.29,10.15,14.8,9.17,17.85
"Souter et al. 2021","South Asia","Algae",2017,13.88,11,16.45,9.54,18.1
"Souter et al. 2021","South Asia","Algae",2018,14.04,11.24,16.25,10.18,18.66
"Souter et al. 2021","South Asia","Algae",2019,13.88,10.41,16.57,8.41,18.98
"Souter et al. 2021","WIO","Algae",1986,26.94,14.97,38.79,9.55,44.08
"Souter et al. 2021","WIO","Algae",1987,26.93,14.37,37.29,11.26,44.41
"Souter et al. 2021","WIO","Algae",1988,27.05,13.92,36.39,11.95,43.07
"Souter et al. 2021","WIO","Algae",1989,26.94,16.31,37.33,11.72,42.92
"Souter et al. 2021","WIO","Algae",1990,26.59,19.01,37.26,11.01,41.11
"Souter et al. 2021","WIO","Algae",1991,26.8,17.57,35.18,12.32,40.6
"Souter et al. 2021","WIO","Algae",1992,26.67,18.01,32.85,13.39,40.65
"Souter et al. 2021","WIO","Algae",1993,27.23,19.91,34.82,15.08,39.11
"Souter et al. 2021","WIO","Algae",1994,27.8,21.01,33.76,16.82,38.18
"Souter et al. 2021","WIO","Algae",1995,28.48,20.91,34.88,17.28,38.52
"Souter et al. 2021","WIO","Algae",1996,29.14,22.81,34.96,19.62,38.54
"Souter et al. 2021","WIO","Algae",1997,29.12,23.93,33.72,21.25,38.3
"Souter et al. 2021","WIO","Algae",1998,30.12,25.03,34.24,22.07,37.59
"Souter et al. 2021","WIO","Algae",1999,29.74,25.1,33.53,23.12,36.77
"Souter et al. 2021","WIO","Algae",2000,29.63,25.7,33.57,23.84,36.23
"Souter et al. 2021","WIO","Algae",2001,29.41,25.52,33.11,23.39,36.4
"Souter et al. 2021","WIO","Algae",2002,29.68,25.87,34.29,23.78,37.57
"Souter et al. 2021","WIO","Algae",2003,29.09,24.64,33.59,21.84,35.8
"Souter et al. 2021","WIO","Algae",2004,29.21,23.58,33.21,20.3,36.2
"Souter et al. 2021","WIO","Algae",2005,31.57,27.16,36.1,23.78,38.73
"Souter et al. 2021","WIO","Algae",2006,32.14,27.9,36,26.38,39.46
"Souter et al. 2021","WIO","Algae",2007,31.71,28.54,36.3,25.49,37.62
"Souter et al. 2021","WIO","Algae",2008,31.93,27.69,34.76,26.75,38.64
"Souter et al. 2021","WIO","Algae",2009,32.87,29.21,35.62,28.59,38.6
"Souter et al. 2021","WIO","Algae",2010,30.83,27.56,34.67,25.86,36.28
"Souter et al. 2021","WIO","Algae",2011,29.36,26.53,32.63,24.63,34.5
"Souter et al. 2021","WIO","Algae",2012,26.43,23.14,29.95,21.43,31.84
"Souter et al. 2021","WIO","Algae",2013,29.47,25.91,32.33,24.31,34.19
"Souter et al. 2021","WIO","Algae",2014,30.89,27.58,33.96,25.57,35.61
"Souter et al. 2021","WIO","Algae",2015,27.44,24.2,29.71,22.62,31.31
"Souter et al. 2021","WIO","Algae",2016,27.26,23.81,29.9,22.09,31.77
"Souter et al. 2021","WIO","Algae",2017,30.03,27.3,33.38,24.78,34.38
"Souter et al. 2021","WIO","Algae",2018,30.63,27.16,33.5,25.45,35.58
"Souter et al. 2021","WIO","Algae",2019,28.01,23.71,31.46,21.5,35.34
